ID,Q57,Q1,Q14,Q17,Q3,Q21,Q22,Region,Division,Q41 - 72 valid responses,21,16,10,8,7,6,5,5,4,4,4,2,2,2,2,2,1,1,1,1,1,1,1,1,1,1,1,,,,
ID,Please select the statement belOw that best describes yOu.,Please select the statement belOw that best describes yOur current teaching Of biOinfOrmatics cOn...,Sex,"Highest earned degree. If ""other,"" please explain.",Which of the following best describes your level of bioinformatics training?,What is the Carnegie classification of your institution?,Is your institution classified as minority-serving?,Region,Division,"In your opinion, what bioinformatics skill(s) are incoming graduate students most deficient in?",Statistics/Biostats,Programming,All of them (everything),Basic Coding,"Microbiology Background (BLAST, Fasta, NCBI resources)",Data Analysis,Script Writing,Approp level of math,Command Line,Computational Skills,Databasing,Basic Computer Literacy,Algorithims,Fundamental Concepts,Don't know,Quant Analysis,Modeling,Unix/Linux Admin,Experience,Computer Science,Calculus,Logic behind analysis,Evolving rapdily - constant updating needed,"High variation, some with tons xp, some with none",Management of sequence data,Biology/ Chemistry,Critical thinking,,,,
1,1,1,1,4,9,3,2,NE,2,,,,,,,,,,,,,,,,,,,,,,,,,,,,,,,,
2,3,#NULL!,2,4,2,#NULL!,#NULL!,SO,5,,,,,,,,,,,,,,,,,,,,,,,,,,,,,,,,
3,1,3,#NULL!,#NULL!,#NULL!,#NULL!,#NULL!,NE,2,,,,,,,,,,,,,,,,,,,,,,,,,,,,,,,,
4,1,3,2,4,3,2,1,SO,7,,,,,,,,,,,,,,,,,,,,,,,,,,,,,,,,
5,1,2,1,4,2,4,2,WE,9,,,,,,,,,,,,,,,,,,,,,,,,,,,,,,,,
6,1,3,#NULL!,#NULL!,#NULL!,#NULL!,#NULL!,SO,5,,,,,,,,,,,,,,,,,,,,,,,,,,,,,,,,
7,2,2,#NULL!,#NULL!,#NULL!,#NULL!,#NULL!,SO,5,,,,,,,,,,,,,,,,,,,,,,,,,,,,,,,,
8,1,3,#NULL!,#NULL!,#NULL!,#NULL!,#NULL!,SO,5,,,,,,,,,,,,,,,,,,,,,,,,,,,,,,,,
9,1,3,#NULL!,#NULL!,#NULL!,#NULL!,#NULL!,MW,4,,,,,,,,,,,,,,,,,,,,,,,,,,,,,,,,
10,1,1,2,3,8,4,1,WE,9,,,,,,,,,,,,,,,,,,,,,,,,,,,,,,,,
11,1,4,1,4,8,4,1,SO,7,Programming and statistics.,1,1,,,,,,,,,,,,,,,,,,,,,,,,,,,,,
12,1,2,1,4,2,3,1,WE,9,,,,,,,,,,,,,,,,,,,,,,,,,,,,,,,,
13,1,4,2,4,9,4,3,MW,3,"Unix/Linux administrationProgramming (Perl, Python and/or C++)",,1,,,,,,,,,,,,,,,,1,,,,,,,,,,,,,
14,1,2,2,4,2,4,3,MW,3,,,,,,,,,,,,,,,,,,,,,,,,,,,,,,,,
15,2,2,2,4,3,1,3,NE,2,,,,,,,,,,,,,,,,,,,,,,,,,,,,,,,,
16,#NULL!,#NULL!,1,4,2,1,1,WE,9,,,,,,,,,,,,,,,,,,,,,,,,,,,,,,,,
17,1,1,1,4,3,4,2,SO,7,,,,,,,,,,,,,,,,,,,,,,,,,,,,,,,,
18,1,3,2,4,2,3,1,SO,5,,,,,,,,,,,,,,,,,,,,,,,,,,,,,,,,
19,2,3,2,2,1,1,3,SO,5,,,,,,,,,,,,,,,,,,,,,,,,,,,,,,,,
20,#NULL!,#NULL!,1,4,1,1,2,SO,5,,,,,,,,,,,,,,,,,,,,,,,,,,,,,,,,
21,1,3,1,4,8,2,2,MW,3,,,,,,,,,,,,,,,,,,,,,,,,,,,,,,,,
22,2,3,3,4,2,1,1,WE,9,,,,,,,,,,,,,,,,,,,,,,,,,,,,,,,,
23,1,1,2,4,2,4,1,WE,8,,,,,,,,,,,,,,,,,,,,,,,,,,,,,,,,
24,1,3,1,4,2,2,2,SO,5,,,,,,,,,,,,,,,,,,,,,,,,,,,,,,,,
25,#NULL!,#NULL!,2,4,2,4,1,SO,5,,,,,,,,,,,,,,,,,,,,,,,,,,,,,,,,
26,1,3,1,4,1,4,1,SO,5,,,,,,,,,,,,,,,,,,,,,,,,,,,,,,,,
27,2,3,3,2,2,1,1,WE,9,,,,,,,,,,,,,,,,,,,,,,,,,,,,,,,,
28,1,3,#NULL!,#NULL!,#NULL!,#NULL!,#NULL!,SO,5,,,,,,,,,,,,,,,,,,,,,,,,,,,,,,,,
29,1,2,2,4,8,2,2,NE,2,,,,,,,,,,,,,,,,,,,,,,,,,,,,,,,,
30,1,2,2,4,3,2,3,NE,2,,,,,,,,,,,,,,,,,,,,,,,,,,,,,,,,
31,2,3,2,4,3,1,1,WE,9,,,,,,,,,,,,,,,,,,,,,,,,,,,,,,,,
32,1,#NULL!,#NULL!,#NULL!,#NULL!,#NULL!,#NULL!,MW,4,,,,,,,,,,,,,,,,,,,,,,,,,,,,,,,,
33,1,3,1,2,3,4,1,SO,5,,,,,,,,,,,,,,,,,,,,,,,,,,,,,,,,
34,3,#NULL!,#NULL!,#NULL!,#NULL!,#NULL!,#NULL!,MW,3,,,,,,,,,,,,,,,,,,,,,,,,,,,,,,,,
35,1,1,2,4,8,3,3,NE,2,,,,,,,,,,,,,,,,,,,,,,,,,,,,,,,,
36,1,3,1,4,3,3,1,NE,2,,,,,,,,,,,,,,,,,,,,,,,,,,,,,,,,
37,1,3,1,4,2,2,2,NE,1,,,,,,,,,,,,,,,,,,,,,,,,,,,,,,,,
38,1,1,2,4,8,4,1,NE,2,,,,,,,,,,,,,,,,,,,,,,,,,,,,,,,,
39,2,3,1,4,9,5,3,SO,5,,,,,,,,,,,,,,,,,,,,,,,,,,,,,,,,
40,1,3,2,4,2,2,1,SO,5,,,,,,,,,,,,,,,,,,,,,,,,,,,,,,,,
41,1,3,1,4,3,3,3,NE,2,,,,,,,,,,,,,,,,,,,,,,,,,,,,,,,,
42,#NULL!,#NULL!,1,2,8,1,2,SO,5,,,,,,,,,,,,,,,,,,,,,,,,,,,,,,,,
43,2,3,1,2,1,1,3,SO,5,,,,,,,,,,,,,,,,,,,,,,,,,,,,,,,,
44,1,2,2,4,2,2,1,SO,5,,,,,,,,,,,,,,,,,,,,,,,,,,,,,,,,
45,1,3,2,4,3,2,1,SO,5,,,,,,,,,,,,,,,,,,,,,,,,,,,,,,,,
46,1,3,2,4,3,2,1,SO,5,,,,,,,,,,,,,,,,,,,,,,,,,,,,,,,,
47,1,3,#NULL!,#NULL!,#NULL!,#NULL!,#NULL!,MW,3,,,,,,,,,,,,,,,,,,,,,,,,,,,,,,,,
48,1,3,2,4,2,4,2,WE,8,,,,,,,,,,,,,,,,,,,,,,,,,,,,,,,,
49,1,4,2,4,2,4,2,MW,3,Statistics.,1,,,,,,,,,,,,,,,,,,,,,,,,,,,,,,
50,2,3,#NULL!,#NULL!,#NULL!,#NULL!,#NULL!,WE,9,,,,,,,,,,,,,,,,,,,,,,,,,,,,,,,,
51,1,4,2,4,2,4,2,NE,2,statistics,1,,,,,,,,,,,,,,,,,,,,,,,,,,,,,,
52,1,2,#NULL!,4,2,4,3,NE,2,,,,,,,,,,,,,,,,,,,,,,,,,,,,,,,,
53,1,3,1,4,2,4,1,WE,9,,,,,,,,,,,,,,,,,,,,,,,,,,,,,,,,
54,1,3,2,4,2,4,1,WE,9,,,,,,,,,,,,,,,,,,,,,,,,,,,,,,,,
55,1,4,2,4,3,4,1,WE,9,,,,,,,,,,,,,,,,,,,,,,,,,,,,,,,,
56,1,1,1,4,2,2,2,NE,2,,,,,,,,,,,,,,,,,,,,,,,,,,,,,,,,
57,#NULL!,#NULL!,#NULL!,#NULL!,#NULL!,#NULL!,#NULL!,NE,1,,,,,,,,,,,,,,,,,,,,,,,,,,,,,,,,
58,1,3,#NULL!,#NULL!,#NULL!,#NULL!,#NULL!,WE,8,,,,,,,,,,,,,,,,,,,,,,,,,,,,,,,,
59,1,1,2,4,9,4,2,SO,5,,,,,,,,,,,,,,,,,,,,,,,,,,,,,,,,
60,1,4,2,4,8,4,3,SO,6,Understanding basic concepts in statistics,1,,,,,,,,,,,,,,,,,,,,,,,,,,,,,,
61,1,4,2,4,8,4,3,SO,5,,,,,,,,,,,,,,,,,,,,,,,,,,,,,,,,
62,1,3,2,4,1,4,3,SO,5,,,,,,,,,,,,,,,,,,,,,,,,,,,,,,,,
63,1,3,2,4,2,4,1,WE,9,,,,,,,,,,,,,,,,,,,,,,,,,,,,,,,,
64,1,3,1,2,2,4,1,SO,5,,,,,,,,,,,,,,,,,,,,,,,,,,,,,,,,
65,1,2,2,4,3,4,3,SO,5,,,,,,,,,,,,,,,,,,,,,,,,,,,,,,,,
66,1,4,2,4,2,4,2,SO,5,Ability to program,,1,,,,,,,,,,,,,,,,,,,,,,,,,,,,,
67,1,3,1,4,2,4,2,SO,5,,,,,,,,,,,,,,,,,,,,,,,,,,,,,,,,
68,1,3,2,4,2,4,2,SO,5,,,,,,,,,,,,,,,,,,,,,,,,,,,,,,,,
69,1,2,1,4,2,4,2,SO,5,,,,,,,,,,,,,,,,,,,,,,,,,,,,,,,,
70,#NULL!,#NULL!,1,4,4,4,2,NE,2,,,,,,,,,,,,,,,,,,,,,,,,,,,,,,,,
71,1,3,2,4,2,3,2,WE,8,,,,,,,,,,,,,,,,,,,,,,,,,,,,,,,,
72,#NULL!,#NULL!,2,4,9,4,2,WE,8,,,,,,,,,,,,,,,,,,,,,,,,,,,,,,,,
73,#NULL!,#NULL!,#NULL!,#NULL!,#NULL!,#NULL!,#NULL!,WE,8,,,,,,,,,,,,,,,,,,,,,,,,,,,,,,,,
74,1,1,2,4,9,4,2,WE,8,,,,,,,,,,,,,,,,,,,,,,,,,,,,,,,,
75,1,1,2,4,9,4,2,WE,8,,,,,,,,,,,,,,,,,,,,,,,,,,,,,,,,
76,#NULL!,#NULL!,2,4,2,4,2,WE,8,,,,,,,,,,,,,,,,,,,,,,,,,,,,,,,,
77,3,#NULL!,#NULL!,#NULL!,#NULL!,#NULL!,#NULL!,WE,8,,,,,,,,,,,,,,,,,,,,,,,,,,,,,,,,
78,1,3,2,4,2,4,2,WE,8,,,,,,,,,,,,,,,,,,,,,,,,,,,,,,,,
79,1,2,2,4,2,4,2,WE,8,,,,,,,,,,,,,,,,,,,,,,,,,,,,,,,,
80,1,2,2,4,4,4,2,WE,8,,,,,,,,,,,,,,,,,,,,,,,,,,,,,,,,
81,#NULL!,#NULL!,#NULL!,#NULL!,#NULL!,#NULL!,#NULL!,SO,5,,,,,,,,,,,,,,,,,,,,,,,,,,,,,,,,
82,1,1,2,4,9,4,2,SO,5,,,,,,,,,,,,,,,,,,,,,,,,,,,,,,,,
83,1,3,2,4,2,4,1,SO,7,,,,,,,,,,,,,,,,,,,,,,,,,,,,,,,,
84,1,4,2,4,2,4,2,SO,7,Programing,,1,,,,,,,,,,,,,,,,,,,,,,,,,,,,,
85,1,3,1,2,3,3,1,WE,8,,,,,,,,,,,,,,,,,,,,,,,,,,,,,,,,
86,1,4,1,4,2,4,3,NE,2,Don't know in general,,,,,,,,,,,,,,,1,,,,,,,,,,,,,,,,
87,1,4,2,4,3,4,3,NE,2,Script writing,,,,,,,1,,,,,,,,,,,,,,,,,,,,,,,,
88,1,2,2,4,3,4,3,MW,3,,,,,,,,,,,,,,,,,,,,,,,,,,,,,,,,
89,1,2,#NULL!,#NULL!,#NULL!,#NULL!,#NULL!,WE,9,,,,,,,,,,,,,,,,,,,,,,,,,,,,,,,,
90,1,4,1,4,3,4,2,WE,9,"Fundamental concepts (why are we doing this, what questions would we answer with this, what are the assumptions/pitfalls of some approaches).  Experience.",,,,,,,,,,,,,,1,,,,,1,,,,,,,,,,,,
91,1,3,#NULL!,#NULL!,#NULL!,#NULL!,#NULL!,NE,2,,,,,,,,,,,,,,,,,,,,,,,,,,,,,,,,
92,1,1,1,4,2,4,3,SO,5,,,,,,,,,,,,,,,,,,,,,,,,,,,,,,,,
93,1,4,1,4,2,4,3,SO,5,"databasing, basic coding and script writing",,,,1,,,1,,,,1,,,,,,,,,,,,,,,,,,,,
94,1,3,1,4,1,4,3,SO,5,,,,,,,,,,,,,,,,,,,,,,,,,,,,,,,,
95,1,3,1,4,2,4,1,NE,2,,,,,,,,,,,,,,,,,,,,,,,,,,,,,,,,
96,1,3,2,4,1,4,1,SO,5,,,,,,,,,,,,,,,,,,,,,,,,,,,,,,,,
97,3,#NULL!,#NULL!,#NULL!,#NULL!,#NULL!,#NULL!,MW,4,,,,,,,,,,,,,,,,,,,,,,,,,,,,,,,,
98,1,4,1,4,2,4,2,MW,4,,,,,,,,,,,,,,,,,,,,,,,,,,,,,,,,
99,1,1,1,4,2,4,3,MW,4,,,,,,,,,,,,,,,,,,,,,,,,,,,,,,,,
100,1,3,#NULL!,#NULL!,#NULL!,#NULL!,#NULL!,MW,4,,,,,,,,,,,,,,,,,,,,,,,,,,,,,,,,
101,1,3,2,4,1,4,2,WE,9,,,,,,,,,,,,,,,,,,,,,,,,,,,,,,,,
102,1,2,#NULL!,#NULL!,#NULL!,#NULL!,#NULL!,WE,9,,,,,,,,,,,,,,,,,,,,,,,,,,,,,,,,
103,1,2,1,4,3,4,2,SO,5,,,,,,,,,,,,,,,,,,,,,,,,,,,,,,,,
104,1,2,1,4,2,4,2,SO,5,,,,,,,,,,,,,,,,,,,,,,,,,,,,,,,,
105,1,3,2,4,2,4,3,SO,7,,,,,,,,,,,,,,,,,,,,,,,,,,,,,,,,
106,3,#NULL!,1,3,3,#NULL!,#NULL!,SO,7,,,,,,,,,,,,,,,,,,,,,,,,,,,,,,,,
107,1,3,1,4,8,4,3,SO,5,,,,,,,,,,,,,,,,,,,,,,,,,,,,,,,,
108,1,#NULL!,#NULL!,#NULL!,#NULL!,#NULL!,#NULL!,SO,5,,,,,,,,,,,,,,,,,,,,,,,,,,,,,,,,
109,1,4,2,4,2,4,1,SO,5,,,,,,,,,,,,,,,,,,,,,,,,,,,,,,,,
110,1,3,2,4,2,4,2,SO,5,,,,,,,,,,,,,,,,,,,,,,,,,,,,,,,,
111,1,3,3,4,2,4,3,SO,5,,,,,,,,,,,,,,,,,,,,,,,,,,,,,,,,
112,1,2,2,4,2,4,3,NE,2,,,,,,,,,,,,,,,,,,,,,,,,,,,,,,,,
113,1,2,1,4,2,4,3,WE,9,,,,,,,,,,,,,,,,,,,,,,,,,,,,,,,,
114,#NULL!,#NULL!,#NULL!,#NULL!,#NULL!,#NULL!,#NULL!,WE,9,,,,,,,,,,,,,,,,,,,,,,,,,,,,,,,,
115,#NULL!,#NULL!,#NULL!,#NULL!,#NULL!,#NULL!,#NULL!,MW,3,,,,,,,,,,,,,,,,,,,,,,,,,,,,,,,,
116,1,4,2,4,2,4,1,WE,8,Appropriate level of math and exposure to computer science.,,,,,,,,1,,,,,,,,,,,,1,,,,,,,,,,,
117,#NULL!,#NULL!,#NULL!,#NULL!,#NULL!,#NULL!,#NULL!,MW,3,,,,,,,,,,,,,,,,,,,,,,,,,,,,,,,,
118,1,#NULL!,#NULL!,#NULL!,#NULL!,#NULL!,#NULL!,MW,3,,,,,,,,,,,,,,,,,,,,,,,,,,,,,,,,
119,1,1,3,4,2,4,1,SO,7,,,,,,,,,,,,,,,,,,,,,,,,,,,,,,,,
120,1,2,1,4,3,4,1,SO,7,,,,,,,,,,,,,,,,,,,,,,,,,,,,,,,,
121,1,3,#NULL!,#NULL!,#NULL!,#NULL!,#NULL!,SO,7,,,,,,,,,,,,,,,,,,,,,,,,,,,,,,,,
122,1,1,1,4,3,3,2,SO,7,,,,,,,,,,,,,,,,,,,,,,,,,,,,,,,,
123,1,4,1,4,2,4,2,SO,7,,,,,,,,,,,,,,,,,,,,,,,,,,,,,,,,
124,1,4,2,4,8,4,3,WE,8,"SQL, program design, statistical analysis of large data sets",1,1,,,,,,,,,1,,,,,,,,,,,,,,,,,,,,
125,1,1,2,4,9,4,2,WE,8,,,,,,,,,,,,,,,,,,,,,,,,,,,,,,,,
126,1,3,1,4,8,5,2,MW,4,,,,,,,,,,,,,,,,,,,,,,,,,,,,,,,,
127,1,3,1,4,2,4,1,MW,3,,,,,,,,,,,,,,,,,,,,,,,,,,,,,,,,
128,1,1,1,4,2,4,1,WE,8,,,,,,,,,,,,,,,,,,,,,,,,,,,,,,,,
129,1,2,2,4,2,4,2,SO,7,,,,,,,,,,,,,,,,,,,,,,,,,,,,,,,,
130,1,1,1,4,2,4,2,SO,7,,,,,,,,,,,,,,,,,,,,,,,,,,,,,,,,
131,1,4,2,4,2,4,1,SO,7,"Again, a focus on basic computer literacy and statistics is important for incoming students.",1,,,,,,,,,,,1,,,,,,,,,,,,,,,,,,,
132,1,4,2,4,9,5,2,SO,5,"statistics and programming.  many are moderately competent around a computing environment, so can run existing software, but not good at file manipulation, troubleshooting, or statistical hypothesis testing and interpretation of statistical data.",1,1,,,,,,,,,,,,,,,,,,,,,,,,,,,,,
133,1,2,2,4,8,4,2,MW,4,,,,,,,,,,,,,,,,,,,,,,,,,,,,,,,,
134,2,3,1,2,1,1,2,WE,8,,,,,,,,,,,,,,,,,,,,,,,,,,,,,,,,
135,1,3,1,4,3,3,2,NE,2,,,,,,,,,,,,,,,,,,,,,,,,,,,,,,,,
136,1,3,#NULL!,#NULL!,#NULL!,#NULL!,#NULL!,NE,2,,,,,,,,,,,,,,,,,,,,,,,,,,,,,,,,
137,1,2,2,4,2,4,3,NE,2,,,,,,,,,,,,,,,,,,,,,,,,,,,,,,,,
138,1,2,2,4,2,4,2,NE,2,,,,,,,,,,,,,,,,,,,,,,,,,,,,,,,,
139,1,2,1,4,3,3,2,NE,2,,,,,,,,,,,,,,,,,,,,,,,,,,,,,,,,
140,1,3,1,4,2,3,2,WE,9,,,,,,,,,,,,,,,,,,,,,,,,,,,,,,,,
141,1,2,2,4,2,4,3,MW,4,,,,,,,,,,,,,,,,,,,,,,,,,,,,,,,,
142,#NULL!,#NULL!,2,4,1,4,3,MW,4,,,,,,,,,,,,,,,,,,,,,,,,,,,,,,,,
143,1,3,2,4,4,4,3,MW,4,,,,,,,,,,,,,,,,,,,,,,,,,,,,,,,,
144,1,4,2,4,3,4,1,WE,8,,,,,,,,,,,,,,,,,,,,,,,,,,,,,,,,
145,1,2,#NULL!,#NULL!,#NULL!,#NULL!,#NULL!,NA,NA,,,,,,,,,,,,,,,,,,,,,,,,,,,,,,,,
146,1,3,1,4,2,4,3,SO,7,,,,,,,,,,,,,,,,,,,,,,,,,,,,,,,,
147,1,1,2,4,2,4,3,SO,7,,,,,,,,,,,,,,,,,,,,,,,,,,,,,,,,
148,1,2,1,4,3,4,2,NE,2,,,,,,,,,,,,,,,,,,,,,,,,,,,,,,,,
149,1,2,1,4,3,4,2,NE,2,,,,,,,,,,,,,,,,,,,,,,,,,,,,,,,,
150,1,4,2,4,9,4,1,SO,5,General computer/coding knowledge and statistics.,1,,,1,,,,,,,,,,,,,,,,,,,,,,,,,,,
151,1,2,2,4,9,4,3,MW,4,,,,,,,,,,,,,,,,,,,,,,,,,,,,,,,,
152,1,2,2,2,2,4,3,NE,2,,,,,,,,,,,,,,,,,,,,,,,,,,,,,,,,
153,1,4,1,4,2,4,2,NE,2,"Calculus, computer programming",,1,,,,,,,,,,,,,,,,,,,1,,,,,,,,,,
154,1,3,1,4,4,4,2,NE,2,,,,,,,,,,,,,,,,,,,,,,,,,,,,,,,,
155,#NULL!,#NULL!,2,2,8,4,3,NE,1,,,,,,,,,,,,,,,,,,,,,,,,,,,,,,,,
156,1,3,2,4,2,3,2,WE,9,,,,,,,,,,,,,,,,,,,,,,,,,,,,,,,,
157,1,3,2,4,2,3,2,WE,9,,,,,,,,,,,,,,,,,,,,,,,,,,,,,,,,
158,1,2,2,4,2,3,2,WE,9,,,,,,,,,,,,,,,,,,,,,,,,,,,,,,,,
159,1,3,1,4,2,3,2,NE,2,,,,,,,,,,,,,,,,,,,,,,,,,,,,,,,,
160,1,3,2,4,2,4,3,SO,7,,,,,,,,,,,,,,,,,,,,,,,,,,,,,,,,
161,1,3,2,4,3,3,1,SO,7,,,,,,,,,,,,,,,,,,,,,,,,,,,,,,,,
162,2,2,1,2,8,1,3,SO,5,,,,,,,,,,,,,,,,,,,,,,,,,,,,,,,,
163,1,3,2,2,8,4,3,WE,8,,,,,,,,,,,,,,,,,,,,,,,,,,,,,,,,
164,1,4,1,4,2,4,2,WE,8,Command-line and scripting skills - this severely limits their ability to deal with large datasets,,,,,,,1,,1,,,,,,,,,,,,,,,,,,,,,,
165,1,3,1,2,3,4,2,MW,3,,,,,,,,,,,,,,,,,,,,,,,,,,,,,,,,
166,1,3,2,1,2,5,3,WE,8,,,,,,,,,,,,,,,,,,,,,,,,,,,,,,,,
167,#NULL!,#NULL!,#NULL!,#NULL!,#NULL!,#NULL!,#NULL!,WE,8,,,,,,,,,,,,,,,,,,,,,,,,,,,,,,,,
168,1,4,2,4,2,4,2,WE,8,Pretty much all of them.,,,1,,,,,,,,,,,,,,,,,,,,,,,,,,,,
169,1,3,1,4,2,4,2,WE,8,,,,,,,,,,,,,,,,,,,,,,,,,,,,,,,,
170,1,4,1,4,2,4,3,MW,3,"Students from biology/chemistry/nursing typically lack the foundations in simple coding (software programming) , which they may need to process data before using a tool like Weka.",,1,,1,,,,,,,,,,,,,,,,,,,,,,,,,,,
171,1,4,2,4,2,4,3,MW,4,"Same as the undergrads: basic programming skills are lacking, and selection of the right tool to answer the question at hand is sometimes challenging.",,1,,,,,,,,,,,,,,,,,,,,,,,,,,,,,
172,1,1,2,4,8,4,1,MW,4,,,,,,,,,,,,,,,,,,,,,,,,,,,,,,,,
173,1,2,2,4,2,4,2,NA,NA,,,,,,,,,,,,,,,,,,,,,,,,,,,,,,,,
174,1,3,#NULL!,#NULL!,#NULL!,#NULL!,#NULL!,MW,3,,,,,,,,,,,,,,,,,,,,,,,,,,,,,,,,
175,1,4,2,4,4,4,2,SO,5,Programming,,1,,,,,,,,,,,,,,,,,,,,,,,,,,,,,
176,1,2,1,4,2,3,2,NE,2,,,,,,,,,,,,,,,,,,,,,,,,,,,,,,,,
177,2,3,1,4,8,1,1,NE,2,,,,,,,,,,,,,,,,,,,,,,,,,,,,,,,,
178,1,2,1,4,8,4,3,SO,6,,,,,,,,,,,,,,,,,,,,,,,,,,,,,,,,
179,1,3,#NULL!,#NULL!,#NULL!,#NULL!,#NULL!,SO,6,,,,,,,,,,,,,,,,,,,,,,,,,,,,,,,,
180,1,1,1,4,9,4,2,SO,6,,,,,,,,,,,,,,,,,,,,,,,,,,,,,,,,
181,1,2,1,4,2,2,1,WE,9,,,,,,,,,,,,,,,,,,,,,,,,,,,,,,,,
182,1,1,1,4,3,3,1,WE,9,,,,,,,,,,,,,,,,,,,,,,,,,,,,,,,,
183,1,2,1,4,8,5,1,WE,9,,,,,,,,,,,,,,,,,,,,,,,,,,,,,,,,
184,1,4,2,4,3,5,1,SO,6,,,,,,,,,,,,,,,,,,,,,,,,,,,,,,,,
185,1,4,2,4,2,4,2,SO,7,All of them.  Even using Excel to manipulate a big data set and do statistics is unknown to nearly all of them.,1,,1,,,,,,,,,,,,,,,,,,,,,,,,,,,,
186,1,1,2,4,2,4,2,SO,7,,,,,,,,,,,,,,,,,,,,,,,,,,,,,,,,
187,1,3,2,4,4,4,2,SO,7,,,,,,,,,,,,,,,,,,,,,,,,,,,,,,,,
188,#NULL!,#NULL!,#NULL!,#NULL!,#NULL!,#NULL!,#NULL!,WE,9,,,,,,,,,,,,,,,,,,,,,,,,,,,,,,,,
189,1,3,1,4,1,3,1,WE,9,,,,,,,,,,,,,,,,,,,,,,,,,,,,,,,,
190,1,3,#NULL!,#NULL!,#NULL!,#NULL!,#NULL!,WE,9,,,,,,,,,,,,,,,,,,,,,,,,,,,,,,,,
191,1,3,1,4,2,4,2,NE,1,,,,,,,,,,,,,,,,,,,,,,,,,,,,,,,,
192,1,2,2,4,2,4,2,NA,NA,,,,,,,,,,,,,,,,,,,,,,,,,,,,,,,,
193,1,2,1,4,2,4,2,SO,5,,,,,,,,,,,,,,,,,,,,,,,,,,,,,,,,
194,1,4,2,4,3,4,3,SO,7,Everything but basic BLAST searches,,,1,,,,,,,,,,,,,,,,,,,,,,,,,,,,
195,1,3,2,4,9,4,2,SO,7,,,,,,,,,,,,,,,,,,,,,,,,,,,,,,,,
196,#NULL!,#NULL!,2,4,2,4,1,SO,7,,,,,,,,,,,,,,,,,,,,,,,,,,,,,,,,
197,1,2,1,4,3,2,2,NE,2,,,,,,,,,,,,,,,,,,,,,,,,,,,,,,,,
198,1,1,1,4,8,3,1,WE,9,,,,,,,,,,,,,,,,,,,,,,,,,,,,,,,,
199,1,3,2,4,2,4,3,SO,7,,,,,,,,,,,,,,,,,,,,,,,,,,,,,,,,
200,1,2,1,4,2,2,2,MW,4,,,,,,,,,,,,,,,,,,,,,,,,,,,,,,,,
201,1,3,2,4,1,4,2,SO,6,,,,,,,,,,,,,,,,,,,,,,,,,,,,,,,,
202,2,3,1,2,3,1,3,SO,5,,,,,,,,,,,,,,,,,,,,,,,,,,,,,,,,
203,1,3,2,4,2,4,3,SO,5,,,,,,,,,,,,,,,,,,,,,,,,,,,,,,,,
204,1,2,1,4,3,3,1,WE,9,,,,,,,,,,,,,,,,,,,,,,,,,,,,,,,,
205,1,2,2,4,3,3,1,WE,9,,,,,,,,,,,,,,,,,,,,,,,,,,,,,,,,
206,2,3,#NULL!,#NULL!,#NULL!,#NULL!,#NULL!,SO,5,,,,,,,,,,,,,,,,,,,,,,,,,,,,,,,,
207,#NULL!,#NULL!,2,4,2,3,2,SO,5,,,,,,,,,,,,,,,,,,,,,,,,,,,,,,,,
208,1,3,1,4,1,4,2,MW,3,,,,,,,,,,,,,,,,,,,,,,,,,,,,,,,,
209,1,3,1,4,2,5,3,NE,2,,,,,,,,,,,,,,,,,,,,,,,,,,,,,,,,
210,#NULL!,#NULL!,#NULL!,#NULL!,#NULL!,#NULL!,#NULL!,NE,2,,,,,,,,,,,,,,,,,,,,,,,,,,,,,,,,
211,1,3,1,4,1,2,1,NE,2,,,,,,,,,,,,,,,,,,,,,,,,,,,,,,,,
212,1,2,1,2,3,4,3,NE,1,,,,,,,,,,,,,,,,,,,,,,,,,,,,,,,,
213,1,1,2,4,2,4,2,MW,4,,,,,,,,,,,,,,,,,,,,,,,,,,,,,,,,
214,1,3,1,4,2,4,2,MW,4,,,,,,,,,,,,,,,,,,,,,,,,,,,,,,,,
215,1,3,#NULL!,#NULL!,#NULL!,#NULL!,#NULL!,MW,3,,,,,,,,,,,,,,,,,,,,,,,,,,,,,,,,
216,1,4,1,4,3,4,1,MW,3,"Coding, working on the command line (to run various programs locally or on a server)",,,,1,,,,,1,,,,,,,,,,,,,,,,,,,,,,
217,1,2,2,4,2,4,2,SO,6,,,,,,,,,,,,,,,,,,,,,,,,,,,,,,,,
218,1,3,1,4,2,4,2,SO,6,,,,,,,,,,,,,,,,,,,,,,,,,,,,,,,,
219,1,1,2,4,2,2,2,MW,3,,,,,,,,,,,,,,,,,,,,,,,,,,,,,,,,
220,#NULL!,#NULL!,#NULL!,#NULL!,#NULL!,#NULL!,#NULL!,MW,3,,,,,,,,,,,,,,,,,,,,,,,,,,,,,,,,
221,1,2,1,4,3,3,3,MW,3,,,,,,,,,,,,,,,,,,,,,,,,,,,,,,,,
222,1,3,1,4,2,3,2,MW,4,,,,,,,,,,,,,,,,,,,,,,,,,,,,,,,,
223,1,2,2,4,2,2,2,SO,5,,,,,,,,,,,,,,,,,,,,,,,,,,,,,,,,
224,#NULL!,#NULL!,#NULL!,#NULL!,#NULL!,#NULL!,#NULL!,MW,4,,,,,,,,,,,,,,,,,,,,,,,,,,,,,,,,
225,1,1,2,4,2,4,3,MW,4,,,,,,,,,,,,,,,,,,,,,,,,,,,,,,,,
226,1,3,2,4,8,3,2,MW,4,,,,,,,,,,,,,,,,,,,,,,,,,,,,,,,,
227,1,3,1,4,8,2,2,WE,8,,,,,,,,,,,,,,,,,,,,,,,,,,,,,,,,
228,1,3,1,4,3,4,1,WE,8,,,,,,,,,,,,,,,,,,,,,,,,,,,,,,,,
229,1,3,2,1,4,4,3,WE,8,,,,,,,,,,,,,,,,,,,,,,,,,,,,,,,,
230,1,3,1,4,2,5,1,WE,8,,,,,,,,,,,,,,,,,,,,,,,,,,,,,,,,
231,#NULL!,#NULL!,1,2,4,1,1,WE,8,,,,,,,,,,,,,,,,,,,,,,,,,,,,,,,,
232,2,2,1,4,3,1,1,WE,8,,,,,,,,,,,,,,,,,,,,,,,,,,,,,,,,
233,2,3,2,2,2,5,1,WE,8,,,,,,,,,,,,,,,,,,,,,,,,,,,,,,,,
234,2,3,1,4,8,1,1,WE,8,,,,,,,,,,,,,,,,,,,,,,,,,,,,,,,,
235,1,1,#NULL!,#NULL!,#NULL!,#NULL!,#NULL!,NE,1,,,,,,,,,,,,,,,,,,,,,,,,,,,,,,,,
236,1,3,2,4,3,2,3,NE,1,,,,,,,,,,,,,,,,,,,,,,,,,,,,,,,,
237,1,2,1,4,2,4,2,MW,3,,,,,,,,,,,,,,,,,,,,,,,,,,,,,,,,
238,1,3,1,4,2,3,3,SO,5,,,,,,,,,,,,,,,,,,,,,,,,,,,,,,,,
239,1,3,2,4,2,4,3,SO,5,,,,,,,,,,,,,,,,,,,,,,,,,,,,,,,,
240,1,3,2,4,3,4,1,SO,5,,,,,,,,,,,,,,,,,,,,,,,,,,,,,,,,
241,1,2,2,4,2,4,1,SO,5,,,,,,,,,,,,,,,,,,,,,,,,,,,,,,,,
242,1,1,1,4,9,4,1,SO,5,,,,,,,,,,,,,,,,,,,,,,,,,,,,,,,,
243,1,4,2,4,3,4,3,SO,6,,,,,,,,,,,,,,,,,,,,,,,,,,,,,,,,
244,1,4,1,4,2,4,1,SO,5,,,,,,,,,,,,,,,,,,,,,,,,,,,,,,,,
245,1,3,2,4,3,2,3,MW,4,,,,,,,,,,,,,,,,,,,,,,,,,,,,,,,,
246,1,2,2,4,3,4,2,SO,5,,,,,,,,,,,,,,,,,,,,,,,,,,,,,,,,
247,2,2,1,4,3,1,2,NE,1,,,,,,,,,,,,,,,,,,,,,,,,,,,,,,,,
248,1,3,1,4,2,5,3,WE,8,,,,,,,,,,,,,,,,,,,,,,,,,,,,,,,,
249,1,3,#NULL!,#NULL!,#NULL!,#NULL!,#NULL!,NE,1,,,,,,,,,,,,,,,,,,,,,,,,,,,,,,,,
250,1,4,2,4,9,4,2,NA,NA,Quantitative analyses,,,,,,,,,,,,,,,,1,,,,,,,,,,,,,,,
251,1,4,2,4,3,4,3,NE,2,,,,,,,,,,,,,,,,,,,,,,,,,,,,,,,,
252,1,2,2,4,2,4,2,NE,2,,,,,,,,,,,,,,,,,,,,,,,,,,,,,,,,
253,#NULL!,#NULL!,#NULL!,#NULL!,#NULL!,#NULL!,#NULL!,NE,2,,,,,,,,,,,,,,,,,,,,,,,,,,,,,,,,
254,1,3,2,4,9,5,3,SO,5,,,,,,,,,,,,,,,,,,,,,,,,,,,,,,,,
255,1,3,#NULL!,#NULL!,#NULL!,#NULL!,#NULL!,NE,2,,,,,,,,,,,,,,,,,,,,,,,,,,,,,,,,
256,1,2,1,4,2,4,3,WE,9,,,,,,,,,,,,,,,,,,,,,,,,,,,,,,,,
257,2,3,2,4,2,1,1,WE,9,,,,,,,,,,,,,,,,,,,,,,,,,,,,,,,,
258,1,3,1,4,2,3,2,WE,9,,,,,,,,,,,,,,,,,,,,,,,,,,,,,,,,
259,1,1,1,4,9,2,3,WE,9,,,,,,,,,,,,,,,,,,,,,,,,,,,,,,,,
260,1,3,2,4,2,4,1,WE,8,,,,,,,,,,,,,,,,,,,,,,,,,,,,,,,,
261,1,4,2,4,2,4,2,WE,9,,,,,,,,,,,,,,,,,,,,,,,,,,,,,,,,
262,1,4,1,4,2,4,3,WE,9,"They are lacking in the basic knowledge of what a fasta file is, how to use BLAST (how to adjust the parameters of the algorithm and what it does) and the NCBI resources.  They also lack the knowledge about gene structures and the application of knowledgeto understand and perform manual curation of a genome",,,,,1,,,,,,,,,,,,,,,,,,,,,,,,,,
263,1,4,2,4,2,4,3,MW,4,,,,,,,,,,,,,,,,,,,,,,,,,,,,,,,,
264,1,2,2,4,2,4,3,MW,4,,,,,,,,,,,,,,,,,,,,,,,,,,,,,,,,
265,1,3,1,4,2,4,2,MW,4,,,,,,,,,,,,,,,,,,,,,,,,,,,,,,,,
266,1,2,2,4,9,4,2,MW,4,,,,,,,,,,,,,,,,,,,,,,,,,,,,,,,,
267,1,3,2,4,2,4,3,MW,4,,,,,,,,,,,,,,,,,,,,,,,,,,,,,,,,
268,1,2,1,4,3,5,1,WE,9,,,,,,,,,,,,,,,,,,,,,,,,,,,,,,,,
269,1,1,2,4,2,3,3,MW,4,,,,,,,,,,,,,,,,,,,,,,,,,,,,,,,,
270,1,4,2,4,2,3,2,MW,4,,,,,,,,,,,,,,,,,,,,,,,,,,,,,,,,
271,1,3,3,4,3,2,2,WE,9,,,,,,,,,,,,,,,,,,,,,,,,,,,,,,,,
272,1,3,1,4,2,5,2,NA,NA,,,,,,,,,,,,,,,,,,,,,,,,,,,,,,,,
273,1,2,1,4,2,4,2,MW,4,,,,,,,,,,,,,,,,,,,,,,,,,,,,,,,,
274,#NULL!,#NULL!,2,2,2,1,2,WE,8,,,,,,,,,,,,,,,,,,,,,,,,,,,,,,,,
275,1,1,2,4,9,4,2,WE,8,,,,,,,,,,,,,,,,,,,,,,,,,,,,,,,,
276,1,1,1,4,7,4,3,NA,NA,,,,,,,,,,,,,,,,,,,,,,,,,,,,,,,,
277,1,2,1,4,2,3,3,NE,2,,,,,,,,,,,,,,,,,,,,,,,,,,,,,,,,
278,1,2,2,4,3,3,2,NE,2,,,,,,,,,,,,,,,,,,,,,,,,,,,,,,,,
279,1,3,1,4,8,4,1,SO,5,,,,,,,,,,,,,,,,,,,,,,,,,,,,,,,,
280,1,3,2,4,8,4,2,SO,5,,,,,,,,,,,,,,,,,,,,,,,,,,,,,,,,
281,1,3,1,4,2,4,1,SO,5,,,,,,,,,,,,,,,,,,,,,,,,,,,,,,,,
282,#NULL!,#NULL!,2,4,4,3,2,WE,8,,,,,,,,,,,,,,,,,,,,,,,,,,,,,,,,
283,2,3,1,4,2,1,1,MW,4,,,,,,,,,,,,,,,,,,,,,,,,,,,,,,,,
284,2,3,#NULL!,#NULL!,#NULL!,#NULL!,#NULL!,MW,4,,,,,,,,,,,,,,,,,,,,,,,,,,,,,,,,
285,2,3,2,4,2,1,1,WE,9,,,,,,,,,,,,,,,,,,,,,,,,,,,,,,,,
286,1,3,2,4,2,4,2,MW,3,,,,,,,,,,,,,,,,,,,,,,,,,,,,,,,,
287,#NULL!,#NULL!,#NULL!,#NULL!,#NULL!,#NULL!,#NULL!,WE,8,,,,,,,,,,,,,,,,,,,,,,,,,,,,,,,,
288,1,4,2,4,2,4,3,WE,8,programming,,1,,,,,,,,,,,,,,,,,,,,,,,,,,,,,
289,1,4,2,4,2,4,2,MW,3,computational skills,,,,,,,,,,1,,,,,,,,,,,,,,,,,,,,,
290,1,2,1,4,3,3,2,NE,2,,,,,,,,,,,,,,,,,,,,,,,,,,,,,,,,
291,1,2,2,4,3,4,2,NE,1,,,,,,,,,,,,,,,,,,,,,,,,,,,,,,,,
292,1,2,2,4,3,2,1,NA,NA,,,,,,,,,,,,,,,,,,,,,,,,,,,,,,,,
293,1,3,1,4,2,2,1,NA,NA,,,,,,,,,,,,,,,,,,,,,,,,,,,,,,,,
294,1,4,1,4,3,3,2,SO,5,Most MS level graduate students do not have experience in bioinformatics.,,,1,,,,,,,,,,,,,,,,,,,,,,,,,,,,
295,1,3,2,4,2,3,3,SO,5,,,,,,,,,,,,,,,,,,,,,,,,,,,,,,,,
296,1,3,2,4,2,4,3,SO,6,,,,,,,,,,,,,,,,,,,,,,,,,,,,,,,,
297,#NULL!,#NULL!,3,4,4,4,1,SO,6,,,,,,,,,,,,,,,,,,,,,,,,,,,,,,,,
298,1,3,3,4,8,4,1,SO,6,,,,,,,,,,,,,,,,,,,,,,,,,,,,,,,,
299,1,2,1,4,3,3,2,MW,3,,,,,,,,,,,,,,,,,,,,,,,,,,,,,,,,
300,1,3,1,4,2,2,3,MW,3,,,,,,,,,,,,,,,,,,,,,,,,,,,,,,,,
301,1,3,#NULL!,#NULL!,#NULL!,#NULL!,#NULL!,MW,3,,,,,,,,,,,,,,,,,,,,,,,,,,,,,,,,
302,1,3,1,4,2,4,2,SO,5,,,,,,,,,,,,,,,,,,,,,,,,,,,,,,,,
303,1,1,2,4,2,3,1,SO,7,,,,,,,,,,,,,,,,,,,,,,,,,,,,,,,,
304,1,2,1,4,3,2,1,SO,7,,,,,,,,,,,,,,,,,,,,,,,,,,,,,,,,
305,1,3,2,4,2,5,3,MW,3,,,,,,,,,,,,,,,,,,,,,,,,,,,,,,,,
306,1,3,1,4,2,2,2,MW,3,,,,,,,,,,,,,,,,,,,,,,,,,,,,,,,,
307,1,3,#NULL!,#NULL!,#NULL!,#NULL!,#NULL!,MW,3,,,,,,,,,,,,,,,,,,,,,,,,,,,,,,,,
308,1,2,1,4,2,2,2,SO,5,,,,,,,,,,,,,,,,,,,,,,,,,,,,,,,,
309,1,2,2,4,2,2,3,SO,5,,,,,,,,,,,,,,,,,,,,,,,,,,,,,,,,
310,1,3,1,4,8,5,2,SO,5,,,,,,,,,,,,,,,,,,,,,,,,,,,,,,,,
311,1,1,1,4,2,2,2,NE,2,,,,,,,,,,,,,,,,,,,,,,,,,,,,,,,,
312,1,3,1,4,2,3,2,NE,2,,,,,,,,,,,,,,,,,,,,,,,,,,,,,,,,
313,1,2,3,4,2,2,3,NE,2,,,,,,,,,,,,,,,,,,,,,,,,,,,,,,,,
314,1,1,1,4,3,2,2,NE,1,,,,,,,,,,,,,,,,,,,,,,,,,,,,,,,,
315,#NULL!,#NULL!,1,4,2,4,3,MW,3,,,,,,,,,,,,,,,,,,,,,,,,,,,,,,,,
316,1,3,1,4,8,4,1,MW,3,,,,,,,,,,,,,,,,,,,,,,,,,,,,,,,,
317,1,3,1,4,2,3,1,WE,9,,,,,,,,,,,,,,,,,,,,,,,,,,,,,,,,
318,2,3,1,4,8,1,2,WE,9,,,,,,,,,,,,,,,,,,,,,,,,,,,,,,,,
319,2,3,2,2,8,1,1,WE,9,,,,,,,,,,,,,,,,,,,,,,,,,,,,,,,,
320,1,2,1,4,2,2,2,NE,1,,,,,,,,,,,,,,,,,,,,,,,,,,,,,,,,
321,1,3,1,4,1,3,1,WE,8,,,,,,,,,,,,,,,,,,,,,,,,,,,,,,,,
322,1,3,1,4,8,5,1,SO,5,,,,,,,,,,,,,,,,,,,,,,,,,,,,,,,,
323,1,3,1,4,2,3,1,SO,5,,,,,,,,,,,,,,,,,,,,,,,,,,,,,,,,
324,1,3,1,2,2,2,2,MW,4,,,,,,,,,,,,,,,,,,,,,,,,,,,,,,,,
325,1,3,1,4,3,4,3,NA,NA,,,,,,,,,,,,,,,,,,,,,,,,,,,,,,,,
326,1,4,1,4,1,3,1,WE,9,,,,,,,,,,,,,,,,,,,,,,,,,,,,,,,,
327,1,3,#NULL!,#NULL!,#NULL!,#NULL!,#NULL!,WE,9,,,,,,,,,,,,,,,,,,,,,,,,,,,,,,,,
328,1,2,2,4,3,3,1,WE,9,,,,,,,,,,,,,,,,,,,,,,,,,,,,,,,,
329,1,#NULL!,#NULL!,#NULL!,#NULL!,#NULL!,#NULL!,WE,9,,,,,,,,,,,,,,,,,,,,,,,,,,,,,,,,
330,1,2,3,4,3,4,1,WE,9,,,,,,,,,,,,,,,,,,,,,,,,,,,,,,,,
331,1,3,1,4,2,2,2,NE,2,,,,,,,,,,,,,,,,,,,,,,,,,,,,,,,,
332,1,3,2,4,1,3,2,NE,2,,,,,,,,,,,,,,,,,,,,,,,,,,,,,,,,
333,1,2,3,4,2,2,2,MW,3,,,,,,,,,,,,,,,,,,,,,,,,,,,,,,,,
334,1,3,1,4,2,4,1,SO,7,,,,,,,,,,,,,,,,,,,,,,,,,,,,,,,,
335,1,3,2,4,2,4,1,SO,7,,,,,,,,,,,,,,,,,,,,,,,,,,,,,,,,
336,1,2,2,4,3,2,1,SO,5,,,,,,,,,,,,,,,,,,,,,,,,,,,,,,,,
337,1,3,2,4,2,3,3,SO,5,,,,,,,,,,,,,,,,,,,,,,,,,,,,,,,,
338,1,2,1,4,8,2,1,SO,5,,,,,,,,,,,,,,,,,,,,,,,,,,,,,,,,
339,1,2,2,4,3,4,3,MW,4,,,,,,,,,,,,,,,,,,,,,,,,,,,,,,,,
340,1,4,1,4,1,4,3,MW,4,,,,,,,,,,,,,,,,,,,,,,,,,,,,,,,,
341,1,2,2,4,2,4,2,MW,4,,,,,,,,,,,,,,,,,,,,,,,,,,,,,,,,
342,1,4,2,4,2,4,3,SO,5,Varies greatly between students and given the relatively small n I have no opinion.,,,,,,,,,,,,,,,1,,,,,,,,,,,,,,,,
343,1,2,3,4,2,4,1,NA,NA,,,,,,,,,,,,,,,,,,,,,,,,,,,,,,,,
344,2,3,3,4,1,1,3,WE,8,,,,,,,,,,,,,,,,,,,,,,,,,,,,,,,,
345,2,3,1,4,1,5,2,WE,8,,,,,,,,,,,,,,,,,,,,,,,,,,,,,,,,
346,1,3,#NULL!,#NULL!,#NULL!,#NULL!,#NULL!,NE,1,,,,,,,,,,,,,,,,,,,,,,,,,,,,,,,,
347,1,4,1,4,2,4,2,NE,1,data analysis,,,,,,1,,,,,,,,,,,,,,,,,,,,,,,,,
348,2,3,1,2,3,1,1,SO,5,,,,,,,,,,,,,,,,,,,,,,,,,,,,,,,,
349,1,1,1,4,9,3,2,MW,4,,,,,,,,,,,,,,,,,,,,,,,,,,,,,,,,
350,1,2,1,4,3,2,2,NE,2,,,,,,,,,,,,,,,,,,,,,,,,,,,,,,,,
351,1,2,1,4,3,2,3,MW,4,,,,,,,,,,,,,,,,,,,,,,,,,,,,,,,,
352,1,1,2,4,8,4,1,SO,5,,,,,,,,,,,,,,,,,,,,,,,,,,,,,,,,
353,1,2,2,4,2,2,2,MW,3,,,,,,,,,,,,,,,,,,,,,,,,,,,,,,,,
354,1,3,#NULL!,#NULL!,#NULL!,#NULL!,#NULL!,MW,3,,,,,,,,,,,,,,,,,,,,,,,,,,,,,,,,
355,1,3,2,4,2,2,2,MW,3,,,,,,,,,,,,,,,,,,,,,,,,,,,,,,,,
356,1,2,1,4,2,2,2,MW,3,,,,,,,,,,,,,,,,,,,,,,,,,,,,,,,,
357,1,1,2,4,2,3,2,MW,3,,,,,,,,,,,,,,,,,,,,,,,,,,,,,,,,
358,1,2,2,4,2,3,2,MW,3,,,,,,,,,,,,,,,,,,,,,,,,,,,,,,,,
359,1,2,2,4,2,2,2,MW,3,,,,,,,,,,,,,,,,,,,,,,,,,,,,,,,,
360,1,2,1,4,3,4,2,WE,8,,,,,,,,,,,,,,,,,,,,,,,,,,,,,,,,
361,1,4,2,4,1,4,2,MW,3,,,,,,,,,,,,,,,,,,,,,,,,,,,,,,,,
362,1,3,2,4,2,2,1,NE,2,,,,,,,,,,,,,,,,,,,,,,,,,,,,,,,,
363,1,1,1,4,8,2,2,NE,2,,,,,,,,,,,,,,,,,,,,,,,,,,,,,,,,
364,1,3,2,2,3,4,2,MW,3,,,,,,,,,,,,,,,,,,,,,,,,,,,,,,,,
365,1,1,2,4,9,5,2,NE,2,,,,,,,,,,,,,,,,,,,,,,,,,,,,,,,,
366,1,3,2,4,3,3,1,WE,9,,,,,,,,,,,,,,,,,,,,,,,,,,,,,,,,
367,1,2,#NULL!,#NULL!,#NULL!,#NULL!,#NULL!,NA,NA,,,,,,,,,,,,,,,,,,,,,,,,,,,,,,,,
368,1,3,1,2,3,3,1,MW,3,,,,,,,,,,,,,,,,,,,,,,,,,,,,,,,,
369,1,3,1,4,2,3,2,SO,5,,,,,,,,,,,,,,,,,,,,,,,,,,,,,,,,
370,1,3,1,4,8,4,1,SO,7,,,,,,,,,,,,,,,,,,,,,,,,,,,,,,,,
371,1,3,2,4,2,2,3,NE,2,,,,,,,,,,,,,,,,,,,,,,,,,,,,,,,,
372,1,2,2,4,2,3,1,SO,7,,,,,,,,,,,,,,,,,,,,,,,,,,,,,,,,
373,3,#NULL!,#NULL!,#NULL!,#NULL!,#NULL!,#NULL!,NA,NA,,,,,,,,,,,,,,,,,,,,,,,,,,,,,,,,
374,1,1,2,4,2,2,2,MW,3,,,,,,,,,,,,,,,,,,,,,,,,,,,,,,,,
375,2,2,1,4,8,1,1,WE,9,,,,,,,,,,,,,,,,,,,,,,,,,,,,,,,,
376,1,3,2,4,2,2,1,MW,3,,,,,,,,,,,,,,,,,,,,,,,,,,,,,,,,
377,1,2,2,4,3,3,1,WE,9,,,,,,,,,,,,,,,,,,,,,,,,,,,,,,,,
378,1,2,2,4,3,4,3,NA,NA,,,,,,,,,,,,,,,,,,,,,,,,,,,,,,,,
379,2,1,#NULL!,#NULL!,#NULL!,#NULL!,#NULL!,WE,8,,,,,,,,,,,,,,,,,,,,,,,,,,,,,,,,
380,2,3,2,4,2,1,1,WE,8,,,,,,,,,,,,,,,,,,,,,,,,,,,,,,,,
381,1,2,1,4,2,2,2,MW,4,,,,,,,,,,,,,,,,,,,,,,,,,,,,,,,,
382,1,2,2,4,2,2,3,WE,9,,,,,,,,,,,,,,,,,,,,,,,,,,,,,,,,
383,1,4,#NULL!,#NULL!,#NULL!,#NULL!,#NULL!,MW,3,,,,,,,,,,,,,,,,,,,,,,,,,,,,,,,,
384,1,3,1,4,2,3,2,MW,4,,,,,,,,,,,,,,,,,,,,,,,,,,,,,,,,
385,1,2,2,4,3,2,2,NE,1,,,,,,,,,,,,,,,,,,,,,,,,,,,,,,,,
386,#NULL!,#NULL!,#NULL!,#NULL!,#NULL!,#NULL!,#NULL!,NE,1,,,,,,,,,,,,,,,,,,,,,,,,,,,,,,,,
387,1,3,1,4,2,2,2,MW,4,,,,,,,,,,,,,,,,,,,,,,,,,,,,,,,,
388,1,3,1,4,2,5,3,NE,2,,,,,,,,,,,,,,,,,,,,,,,,,,,,,,,,
389,1,2,2,4,2,4,2,SO,5,,,,,,,,,,,,,,,,,,,,,,,,,,,,,,,,
390,1,1,1,4,8,4,2,SO,5,,,,,,,,,,,,,,,,,,,,,,,,,,,,,,,,
391,1,4,2,4,2,4,1,SO,5,"Given we only have a M.S. program in Biology, the problems are similar to undergraduate issues above.",,,1,,,,,,,,,,,,,,,,,,,,,,,,,,,,
392,1,3,2,4,2,2,2,NE,2,,,,,,,,,,,,,,,,,,,,,,,,,,,,,,,,
393,1,3,1,4,2,4,2,MW,3,,,,,,,,,,,,,,,,,,,,,,,,,,,,,,,,
394,1,4,2,4,2,4,2,MW,3,,,,,,,,,,,,,,,,,,,,,,,,,,,,,,,,
395,1,1,2,4,3,4,3,MW,3,,,,,,,,,,,,,,,,,,,,,,,,,,,,,,,,
396,1,2,1,4,2,4,2,MW,3,,,,,,,,,,,,,,,,,,,,,,,,,,,,,,,,
397,1,3,2,4,2,4,3,MW,3,,,,,,,,,,,,,,,,,,,,,,,,,,,,,,,,
398,1,4,1,4,8,4,2,MW,3,"Use of databases, sophisticated understanding of BLAST, coding, knowing how to analyze the data",,,,1,1,1,,,,,1,,,,,,,,,,,,,,,,,,,,
399,1,3,1,4,1,4,2,MW,3,,,,,,,,,,,,,,,,,,,,,,,,,,,,,,,,
400,1,3,1,2,3,4,2,MW,3,,,,,,,,,,,,,,,,,,,,,,,,,,,,,,,,
401,1,3,2,4,2,3,1,MW,3,,,,,,,,,,,,,,,,,,,,,,,,,,,,,,,,
402,#NULL!,#NULL!,1,2,1,4,3,MW,3,,,,,,,,,,,,,,,,,,,,,,,,,,,,,,,,
403,1,4,2,4,8,4,2,MW,3,,,,,,,,,,,,,,,,,,,,,,,,,,,,,,,,
404,1,3,2,4,1,2,3,NE,2,,,,,,,,,,,,,,,,,,,,,,,,,,,,,,,,
405,1,3,2,4,8,3,2,MW,4,,,,,,,,,,,,,,,,,,,,,,,,,,,,,,,,
406,1,3,1,4,8,5,3,SO,6,,,,,,,,,,,,,,,,,,,,,,,,,,,,,,,,
407,1,2,1,4,3,3,2,MW,3,,,,,,,,,,,,,,,,,,,,,,,,,,,,,,,,
408,1,2,1,4,2,2,2,MW,4,,,,,,,,,,,,,,,,,,,,,,,,,,,,,,,,
409,1,3,#NULL!,#NULL!,#NULL!,#NULL!,#NULL!,SO,6,,,,,,,,,,,,,,,,,,,,,,,,,,,,,,,,
410,#NULL!,#NULL!,#NULL!,#NULL!,#NULL!,#NULL!,#NULL!,NA,NA,,,,,,,,,,,,,,,,,,,,,,,,,,,,,,,,
411,1,4,2,4,2,3,2,MW,3,Poor knowledge of available tools to facilitate learning.,,,,,1,,,,,,,,,,,,,,,,,,,,,,,,,,
412,1,3,1,4,2,5,3,MW,3,,,,,,,,,,,,,,,,,,,,,,,,,,,,,,,,
413,1,3,2,4,2,2,2,MW,3,,,,,,,,,,,,,,,,,,,,,,,,,,,,,,,,
414,1,3,2,4,8,4,1,SO,6,,,,,,,,,,,,,,,,,,,,,,,,,,,,,,,,
415,1,3,#NULL!,#NULL!,#NULL!,#NULL!,#NULL!,MW,3,,,,,,,,,,,,,,,,,,,,,,,,,,,,,,,,
416,1,3,3,4,3,2,1,MW,3,,,,,,,,,,,,,,,,,,,,,,,,,,,,,,,,
417,1,2,2,4,7,5,2,NE,2,,,,,,,,,,,,,,,,,,,,,,,,,,,,,,,,
418,1,4,1,4,2,3,1,MW,3,Basic knowledge and more advanced knowledge.  They don't know what they don't know.,,,1,,,,,,,,,,,,,,,,,,,,,,,,,,,,
419,1,3,1,4,3,2,2,MW,3,,,,,,,,,,,,,,,,,,,,,,,,,,,,,,,,
420,#NULL!,#NULL!,#NULL!,#NULL!,#NULL!,#NULL!,#NULL!,NE,2,,,,,,,,,,,,,,,,,,,,,,,,,,,,,,,,
421,#NULL!,#NULL!,#NULL!,#NULL!,#NULL!,#NULL!,#NULL!,NE,2,,,,,,,,,,,,,,,,,,,,,,,,,,,,,,,,
422,1,3,1,4,2,2,1,SO,5,,,,,,,,,,,,,,,,,,,,,,,,,,,,,,,,
423,1,2,1,4,2,3,2,SO,5,,,,,,,,,,,,,,,,,,,,,,,,,,,,,,,,
424,1,2,1,4,3,3,2,SO,5,,,,,,,,,,,,,,,,,,,,,,,,,,,,,,,,
425,1,2,1,4,2,3,2,MW,3,,,,,,,,,,,,,,,,,,,,,,,,,,,,,,,,
426,#NULL!,#NULL!,1,4,2,3,2,MW,3,,,,,,,,,,,,,,,,,,,,,,,,,,,,,,,,
427,2,3,1,4,3,1,1,SO,7,,,,,,,,,,,,,,,,,,,,,,,,,,,,,,,,
428,2,3,1,2,8,1,1,SO,7,,,,,,,,,,,,,,,,,,,,,,,,,,,,,,,,
429,#NULL!,#NULL!,#NULL!,#NULL!,#NULL!,#NULL!,#NULL!,SO,7,,,,,,,,,,,,,,,,,,,,,,,,,,,,,,,,
430,1,1,2,4,8,4,1,SO,7,,,,,,,,,,,,,,,,,,,,,,,,,,,,,,,,
431,2,3,2,4,3,1,3,WE,8,,,,,,,,,,,,,,,,,,,,,,,,,,,,,,,,
432,2,3,2,4,9,5,1,WE,8,,,,,,,,,,,,,,,,,,,,,,,,,,,,,,,,
433,#NULL!,#NULL!,3,4,2,4,3,SO,5,,,,,,,,,,,,,,,,,,,,,,,,,,,,,,,,
434,1,3,1,4,3,3,2,MW,4,,,,,,,,,,,,,,,,,,,,,,,,,,,,,,,,
435,1,2,1,4,2,3,1,MW,4,,,,,,,,,,,,,,,,,,,,,,,,,,,,,,,,
436,2,2,2,4,9,1,1,WE,8,,,,,,,,,,,,,,,,,,,,,,,,,,,,,,,,
437,1,3,1,4,1,2,2,WE,8,,,,,,,,,,,,,,,,,,,,,,,,,,,,,,,,
438,2,2,2,4,3,1,3,WE,8,,,,,,,,,,,,,,,,,,,,,,,,,,,,,,,,
439,1,3,1,4,2,4,3,NE,2,,,,,,,,,,,,,,,,,,,,,,,,,,,,,,,,
440,2,3,2,2,3,1,1,WE,8,,,,,,,,,,,,,,,,,,,,,,,,,,,,,,,,
441,2,2,1,4,3,1,1,WE,8,,,,,,,,,,,,,,,,,,,,,,,,,,,,,,,,
442,2,3,1,4,2,1,1,WE,8,,,,,,,,,,,,,,,,,,,,,,,,,,,,,,,,
443,1,4,2,4,2,4,3,MW,3,Statistical analysis,,,,,,1,,,,,,,,,,,,,,,,,,,,,,,,,
444,1,3,2,4,2,3,3,MW,3,,,,,,,,,,,,,,,,,,,,,,,,,,,,,,,,
445,1,4,1,4,2,3,2,MW,3,,,,,,,,,,,,,,,,,,,,,,,,,,,,,,,,
446,1,3,1,4,9,4,3,NE,2,,,,,,,,,,,,,,,,,,,,,,,,,,,,,,,,
447,1,3,1,4,8,2,2,NE,2,,,,,,,,,,,,,,,,,,,,,,,,,,,,,,,,
448,1,3,1,4,2,4,2,SO,6,,,,,,,,,,,,,,,,,,,,,,,,,,,,,,,,
449,1,3,1,4,4,5,1,NE,2,,,,,,,,,,,,,,,,,,,,,,,,,,,,,,,,
450,1,3,3,4,3,4,1,NE,2,,,,,,,,,,,,,,,,,,,,,,,,,,,,,,,,
451,1,1,1,4,8,5,3,MW,4,,,,,,,,,,,,,,,,,,,,,,,,,,,,,,,,
452,1,3,2,4,2,2,1,MW,4,,,,,,,,,,,,,,,,,,,,,,,,,,,,,,,,
453,1,3,1,4,1,3,2,MW,4,,,,,,,,,,,,,,,,,,,,,,,,,,,,,,,,
454,2,2,3,2,1,1,2,MW,4,,,,,,,,,,,,,,,,,,,,,,,,,,,,,,,,
455,1,3,2,4,3,2,3,NE,2,,,,,,,,,,,,,,,,,,,,,,,,,,,,,,,,
456,1,2,2,4,3,3,1,NE,2,,,,,,,,,,,,,,,,,,,,,,,,,,,,,,,,
457,1,3,2,4,2,4,3,MW,3,,,,,,,,,,,,,,,,,,,,,,,,,,,,,,,,
458,#NULL!,#NULL!,2,4,8,4,1,MW,3,,,,,,,,,,,,,,,,,,,,,,,,,,,,,,,,
459,1,2,2,4,2,4,2,MW,3,,,,,,,,,,,,,,,,,,,,,,,,,,,,,,,,
460,1,3,#NULL!,#NULL!,#NULL!,#NULL!,#NULL!,MW,3,,,,,,,,,,,,,,,,,,,,,,,,,,,,,,,,
461,1,2,2,4,2,4,3,MW,3,,,,,,,,,,,,,,,,,,,,,,,,,,,,,,,,
462,1,4,2,4,2,4,1,MW,4,,,,,,,,,,,,,,,,,,,,,,,,,,,,,,,,
463,1,2,2,4,2,2,1,WE,8,,,,,,,,,,,,,,,,,,,,,,,,,,,,,,,,
464,1,4,2,4,9,3,3,SO,7,logic behind analyses,,,,,,,,,,,,,,,,,,,,,,1,,,,,,,,,
465,1,4,2,4,2,3,2,SO,7,,,,,,,,,,,,,,,,,,,,,,,,,,,,,,,,
466,#NULL!,#NULL!,#NULL!,#NULL!,#NULL!,#NULL!,#NULL!,SO,7,,,,,,,,,,,,,,,,,,,,,,,,,,,,,,,,
467,1,2,2,4,2,4,2,NE,2,,,,,,,,,,,,,,,,,,,,,,,,,,,,,,,,
468,1,2,2,4,3,5,3,NE,2,,,,,,,,,,,,,,,,,,,,,,,,,,,,,,,,
469,1,3,2,4,2,3,2,NE,2,,,,,,,,,,,,,,,,,,,,,,,,,,,,,,,,
470,1,4,1,4,2,3,1,NE,2,Everything.,,,1,,,,,,,,,,,,,,,,,,,,,,,,,,,,
471,1,1,1,4,7,3,3,MW,3,,,,,,,,,,,,,,,,,,,,,,,,,,,,,,,,
472,1,3,1,4,1,3,1,NE,2,,,,,,,,,,,,,,,,,,,,,,,,,,,,,,,,
473,#NULL!,#NULL!,#NULL!,#NULL!,#NULL!,#NULL!,#NULL!,NE,1,,,,,,,,,,,,,,,,,,,,,,,,,,,,,,,,
474,1,3,1,4,4,2,3,NE,1,,,,,,,,,,,,,,,,,,,,,,,,,,,,,,,,
475,1,3,#NULL!,#NULL!,#NULL!,#NULL!,#NULL!,WE,9,,,,,,,,,,,,,,,,,,,,,,,,,,,,,,,,
476,1,3,1,2,2,2,1,MW,3,,,,,,,,,,,,,,,,,,,,,,,,,,,,,,,,
477,1,3,2,4,1,2,1,MW,3,,,,,,,,,,,,,,,,,,,,,,,,,,,,,,,,
478,1,4,2,4,2,4,3,MW,3,,,,,,,,,,,,,,,,,,,,,,,,,,,,,,,,
479,1,2,1,4,9,4,2,WE,8,,,,,,,,,,,,,,,,,,,,,,,,,,,,,,,,
480,1,1,#NULL!,#NULL!,#NULL!,4,3,WE,8,,,,,,,,,,,,,,,,,,,,,,,,,,,,,,,,
481,1,4,1,4,2,4,2,WE,8,"Bioinformatics is evolving rapidly, which demands constant updating.",,,,,,,,,,,,,,,,,,,,,,,1,,,,,,,,
482,1,3,#NULL!,4,1,4,1,WE,8,,,,,,,,,,,,,,,,,,,,,,,,,,,,,,,,
483,1,3,1,4,2,2,2,WE,9,,,,,,,,,,,,,,,,,,,,,,,,,,,,,,,,
484,1,3,#NULL!,#NULL!,#NULL!,#NULL!,#NULL!,WE,9,,,,,,,,,,,,,,,,,,,,,,,,,,,,,,,,
485,1,2,2,4,2,2,2,NE,2,,,,,,,,,,,,,,,,,,,,,,,,,,,,,,,,
486,1,3,#NULL!,#NULL!,#NULL!,#NULL!,#NULL!,NE,2,,,,,,,,,,,,,,,,,,,,,,,,,,,,,,,,
487,1,3,2,4,2,4,1,NE,2,,,,,,,,,,,,,,,,,,,,,,,,,,,,,,,,
488,1,4,2,4,3,3,1,NE,2,Coding,,,,1,,,,,,,,,,,,,,,,,,,,,,,,,,,
489,1,1,3,4,2,3,3,NE,2,,,,,,,,,,,,,,,,,,,,,,,,,,,,,,,,
490,1,2,2,4,2,4,3,NE,2,,,,,,,,,,,,,,,,,,,,,,,,,,,,,,,,
491,1,4,2,4,2,4,2,NE,2,Biostatistics,1,,,,,,,,,,,,,,,,,,,,,,,,,,,,,,
492,1,3,1,4,2,4,3,WE,8,,,,,,,,,,,,,,,,,,,,,,,,,,,,,,,,
493,1,3,2,4,2,2,3,WE,8,,,,,,,,,,,,,,,,,,,,,,,,,,,,,,,,
494,1,1,2,4,9,3,2,MW,3,,,,,,,,,,,,,,,,,,,,,,,,,,,,,,,,
495,1,4,1,4,2,4,1,WE,8,"very high variation in this, some come with lots of experience, others have literally no skills or even exposure",,,,,,,,,,,,,,,,,,,,,,,,1,,,,,,,
496,1,2,2,4,2,3,1,SO,5,,,,,,,,,,,,,,,,,,,,,,,,,,,,,,,,
497,1,1,2,4,3,2,2,MW,4,,,,,,,,,,,,,,,,,,,,,,,,,,,,,,,,
498,1,1,2,4,2,3,2,MW,4,,,,,,,,,,,,,,,,,,,,,,,,,,,,,,,,
499,1,3,#NULL!,#NULL!,#NULL!,#NULL!,#NULL!,MW,4,,,,,,,,,,,,,,,,,,,,,,,,,,,,,,,,
500,1,2,2,4,2,5,1,NE,2,,,,,,,,,,,,,,,,,,,,,,,,,,,,,,,,
501,1,1,2,4,2,5,1,NE,2,,,,,,,,,,,,,,,,,,,,,,,,,,,,,,,,
502,1,2,#NULL!,#NULL!,#NULL!,#NULL!,#NULL!,NE,2,,,,,,,,,,,,,,,,,,,,,,,,,,,,,,,,
503,1,1,2,4,8,5,1,NE,2,,,,,,,,,,,,,,,,,,,,,,,,,,,,,,,,
504,1,3,2,4,3,4,2,NE,2,,,,,,,,,,,,,,,,,,,,,,,,,,,,,,,,
505,1,4,2,4,3,4,1,SO,5,"data acquisition and analysis, especially appropriate graphics/plot implementation",,,,,,1,,,,,,,,,,,,,,,,,,,,,,,,,
506,1,3,2,4,2,3,2,MW,4,,,,,,,,,,,,,,,,,,,,,,,,,,,,,,,,
507,1,4,2,4,2,4,2,WE,9,modelling,,,,,,,,,,,,,,,,,1,,,,,,,,,,,,,,
508,#NULL!,#NULL!,2,4,8,5,1,SO,6,,,,,,,,,,,,,,,,,,,,,,,,,,,,,,,,
509,#NULL!,#NULL!,2,4,2,4,2,SO,6,,,,,,,,,,,,,,,,,,,,,,,,,,,,,,,,
510,1,1,1,4,2,3,2,NE,2,,,,,,,,,,,,,,,,,,,,,,,,,,,,,,,,
511,#NULL!,#NULL!,2,4,9,4,2,SO,5,,,,,,,,,,,,,,,,,,,,,,,,,,,,,,,,
512,1,3,2,4,2,4,2,SO,5,,,,,,,,,,,,,,,,,,,,,,,,,,,,,,,,
513,1,3,1,4,2,4,2,SO,5,,,,,,,,,,,,,,,,,,,,,,,,,,,,,,,,
514,1,3,2,4,2,3,3,SO,5,,,,,,,,,,,,,,,,,,,,,,,,,,,,,,,,
515,1,3,2,4,2,3,2,WE,9,,,,,,,,,,,,,,,,,,,,,,,,,,,,,,,,
516,1,2,1,4,2,4,1,SO,5,,,,,,,,,,,,,,,,,,,,,,,,,,,,,,,,
517,#NULL!,#NULL!,2,4,4,4,3,SO,5,,,,,,,,,,,,,,,,,,,,,,,,,,,,,,,,
518,#NULL!,#NULL!,2,4,4,4,3,SO,5,,,,,,,,,,,,,,,,,,,,,,,,,,,,,,,,
519,1,2,1,4,3,2,2,NE,2,,,,,,,,,,,,,,,,,,,,,,,,,,,,,,,,
520,1,4,2,4,3,4,2,SO,5,They don't know enough biostatistics.,1,,,,,,,,,,,,,,,,,,,,,,,,,,,,,,
521,1,2,1,4,2,3,2,SO,5,,,,,,,,,,,,,,,,,,,,,,,,,,,,,,,,
522,1,3,2,4,2,3,2,MW,3,,,,,,,,,,,,,,,,,,,,,,,,,,,,,,,,
523,2,3,#NULL!,#NULL!,#NULL!,#NULL!,#NULL!,SO,5,,,,,,,,,,,,,,,,,,,,,,,,,,,,,,,,
524,2,3,#NULL!,#NULL!,#NULL!,#NULL!,#NULL!,SO,5,,,,,,,,,,,,,,,,,,,,,,,,,,,,,,,,
525,#NULL!,#NULL!,1,2,8,1,1,SO,5,,,,,,,,,,,,,,,,,,,,,,,,,,,,,,,,
526,2,3,1,2,1,1,3,SO,5,,,,,,,,,,,,,,,,,,,,,,,,,,,,,,,,
527,2,#NULL!,#NULL!,#NULL!,#NULL!,#NULL!,#NULL!,SO,5,,,,,,,,,,,,,,,,,,,,,,,,,,,,,,,,
528,1,4,2,4,8,4,2,SO,5,,,,,,,,,,,,,,,,,,,,,,,,,,,,,,,,
529,1,1,2,4,8,3,2,SO,5,,,,,,,,,,,,,,,,,,,,,,,,,,,,,,,,
530,1,2,2,4,9,3,2,SO,5,,,,,,,,,,,,,,,,,,,,,,,,,,,,,,,,
531,1,2,1,4,3,3,2,SO,5,,,,,,,,,,,,,,,,,,,,,,,,,,,,,,,,
532,1,2,2,4,2,2,2,SO,5,,,,,,,,,,,,,,,,,,,,,,,,,,,,,,,,
533,1,3,1,2,8,4,1,SO,5,,,,,,,,,,,,,,,,,,,,,,,,,,,,,,,,
534,1,3,1,4,2,4,3,SO,5,,,,,,,,,,,,,,,,,,,,,,,,,,,,,,,,
535,1,2,#NULL!,#NULL!,#NULL!,#NULL!,#NULL!,SO,5,,,,,,,,,,,,,,,,,,,,,,,,,,,,,,,,
536,1,2,1,4,2,3,3,NE,2,,,,,,,,,,,,,,,,,,,,,,,,,,,,,,,,
537,1,2,2,4,2,4,2,NE,2,,,,,,,,,,,,,,,,,,,,,,,,,,,,,,,,
538,1,2,2,4,2,2,2,MW,3,,,,,,,,,,,,,,,,,,,,,,,,,,,,,,,,
539,2,3,2,2,3,1,3,WE,9,,,,,,,,,,,,,,,,,,,,,,,,,,,,,,,,
540,2,3,1,2,2,5,3,WE,9,,,,,,,,,,,,,,,,,,,,,,,,,,,,,,,,
541,1,3,#NULL!,#NULL!,#NULL!,#NULL!,#NULL!,SO,5,,,,,,,,,,,,,,,,,,,,,,,,,,,,,,,,
542,1,2,1,4,2,3,2,SO,5,,,,,,,,,,,,,,,,,,,,,,,,,,,,,,,,
543,1,3,2,4,2,3,2,MW,4,,,,,,,,,,,,,,,,,,,,,,,,,,,,,,,,
544,1,3,2,4,2,4,2,WE,8,,,,,,,,,,,,,,,,,,,,,,,,,,,,,,,,
545,1,1,2,4,2,4,2,WE,8,,,,,,,,,,,,,,,,,,,,,,,,,,,,,,,,
546,1,3,1,4,2,5,3,NE,2,,,,,,,,,,,,,,,,,,,,,,,,,,,,,,,,
547,1,4,2,4,3,4,1,NE,2,Big picture awareness of what can be done and what skill sets are necessary for common applications,,,,,,,,,,,,,,1,,,,,,,,,,,,,,,,,
548,#NULL!,#NULL!,2,4,2,4,2,NE,1,,,,,,,,,,,,,,,,,,,,,,,,,,,,,,,,
549,2,3,1,4,3,1,1,NE,1,,,,,,,,,,,,,,,,,,,,,,,,,,,,,,,,
550,2,3,2,4,8,1,3,NE,1,,,,,,,,,,,,,,,,,,,,,,,,,,,,,,,,
551,2,3,2,4,1,1,1,NE,1,,,,,,,,,,,,,,,,,,,,,,,,,,,,,,,,
552,2,3,1,2,9,1,1,NE,1,,,,,,,,,,,,,,,,,,,,,,,,,,,,,,,,
553,1,3,2,4,8,2,2,NE,2,,,,,,,,,,,,,,,,,,,,,,,,,,,,,,,,
554,1,3,2,4,2,5,2,MW,4,,,,,,,,,,,,,,,,,,,,,,,,,,,,,,,,
555,#NULL!,#NULL!,1,2,3,1,1,MW,3,,,,,,,,,,,,,,,,,,,,,,,,,,,,,,,,
556,1,3,1,4,2,4,2,SO,5,,,,,,,,,,,,,,,,,,,,,,,,,,,,,,,,
557,1,3,1,4,2,3,3,WE,9,,,,,,,,,,,,,,,,,,,,,,,,,,,,,,,,
558,1,#NULL!,#NULL!,#NULL!,#NULL!,#NULL!,#NULL!,WE,9,,,,,,,,,,,,,,,,,,,,,,,,,,,,,,,,
559,1,3,2,4,1,5,3,WE,9,,,,,,,,,,,,,,,,,,,,,,,,,,,,,,,,
560,1,2,1,4,3,2,2,NE,1,,,,,,,,,,,,,,,,,,,,,,,,,,,,,,,,
561,1,1,2,4,3,3,2,SO,6,,,,,,,,,,,,,,,,,,,,,,,,,,,,,,,,
562,1,2,1,4,7,4,1,SO,5,,,,,,,,,,,,,,,,,,,,,,,,,,,,,,,,
563,1,2,2,4,3,4,1,SO,5,,,,,,,,,,,,,,,,,,,,,,,,,,,,,,,,
564,1,3,1,2,2,2,2,WE,9,,,,,,,,,,,,,,,,,,,,,,,,,,,,,,,,
565,1,3,1,4,3,2,3,WE,9,,,,,,,,,,,,,,,,,,,,,,,,,,,,,,,,
566,1,3,#NULL!,#NULL!,#NULL!,#NULL!,#NULL!,WE,9,,,,,,,,,,,,,,,,,,,,,,,,,,,,,,,,
567,1,4,2,4,1,4,1,NE,1,,,,,,,,,,,,,,,,,,,,,,,,,,,,,,,,
568,1,#NULL!,#NULL!,#NULL!,#NULL!,#NULL!,#NULL!,SO,5,,,,,,,,,,,,,,,,,,,,,,,,,,,,,,,,
569,2,3,2,2,2,1,1,WE,9,,,,,,,,,,,,,,,,,,,,,,,,,,,,,,,,
570,2,3,2,4,8,1,3,SO,5,,,,,,,,,,,,,,,,,,,,,,,,,,,,,,,,
571,1,3,1,4,2,4,2,MW,4,,,,,,,,,,,,,,,,,,,,,,,,,,,,,,,,
572,1,3,1,4,3,2,2,WE,8,,,,,,,,,,,,,,,,,,,,,,,,,,,,,,,,
573,1,3,2,4,1,3,1,SO,7,,,,,,,,,,,,,,,,,,,,,,,,,,,,,,,,
574,1,3,#NULL!,#NULL!,#NULL!,#NULL!,#NULL!,MW,3,,,,,,,,,,,,,,,,,,,,,,,,,,,,,,,,
575,1,3,2,4,6,3,3,SO,6,,,,,,,,,,,,,,,,,,,,,,,,,,,,,,,,
576,1,4,1,4,2,4,2,SO,6,Statistics and use of NCBI software (the basics),1,,,,1,,,,,,,,,,,,,,,,,,,,,,,,,,
577,1,3,#NULL!,#NULL!,#NULL!,#NULL!,#NULL!,SO,6,,,,,,,,,,,,,,,,,,,,,,,,,,,,,,,,
578,2,3,1,4,2,1,1,MW,3,,,,,,,,,,,,,,,,,,,,,,,,,,,,,,,,
579,1,3,1,4,3,2,2,MW,4,,,,,,,,,,,,,,,,,,,,,,,,,,,,,,,,
580,1,2,1,4,2,2,1,SO,5,,,,,,,,,,,,,,,,,,,,,,,,,,,,,,,,
581,2,3,1,3,2,1,1,NE,2,,,,,,,,,,,,,,,,,,,,,,,,,,,,,,,,
582,2,3,1,4,2,1,1,NE,2,,,,,,,,,,,,,,,,,,,,,,,,,,,,,,,,
583,1,3,1,4,2,2,2,MW,4,,,,,,,,,,,,,,,,,,,,,,,,,,,,,,,,
584,2,3,1,2,4,1,1,NE,2,,,,,,,,,,,,,,,,,,,,,,,,,,,,,,,,
585,1,4,2,4,2,5,2,SO,5,programming,,1,,,,,,,,,,,,,,,,,,,,,,,,,,,,,
586,1,1,2,4,2,2,3,MW,3,,,,,,,,,,,,,,,,,,,,,,,,,,,,,,,,
587,1,3,2,4,8,3,1,MW,3,,,,,,,,,,,,,,,,,,,,,,,,,,,,,,,,
588,2,3,#NULL!,#NULL!,#NULL!,#NULL!,#NULL!,SO,5,,,,,,,,,,,,,,,,,,,,,,,,,,,,,,,,
589,#NULL!,#NULL!,1,2,2,1,3,SO,5,,,,,,,,,,,,,,,,,,,,,,,,,,,,,,,,
590,2,3,1,2,7,1,1,SO,5,,,,,,,,,,,,,,,,,,,,,,,,,,,,,,,,
591,2,3,2,4,2,1,3,SO,5,,,,,,,,,,,,,,,,,,,,,,,,,,,,,,,,
592,2,3,1,4,3,1,2,SO,5,,,,,,,,,,,,,,,,,,,,,,,,,,,,,,,,
593,2,1,2,4,2,1,1,SO,5,,,,,,,,,,,,,,,,,,,,,,,,,,,,,,,,
594,2,2,1,4,2,1,1,SO,5,,,,,,,,,,,,,,,,,,,,,,,,,,,,,,,,
595,1,2,2,4,3,4,3,SO,6,,,,,,,,,,,,,,,,,,,,,,,,,,,,,,,,
596,2,3,1,4,3,1,1,WE,8,,,,,,,,,,,,,,,,,,,,,,,,,,,,,,,,
597,2,3,1,2,1,1,2,WE,8,,,,,,,,,,,,,,,,,,,,,,,,,,,,,,,,
598,2,3,1,5,4,1,1,WE,8,,,,,,,,,,,,,,,,,,,,,,,,,,,,,,,,
599,2,3,1,4,4,1,1,WE,8,,,,,,,,,,,,,,,,,,,,,,,,,,,,,,,,
600,2,3,1,2,8,1,1,SO,5,,,,,,,,,,,,,,,,,,,,,,,,,,,,,,,,
601,2,3,2,2,3,1,1,SO,7,,,,,,,,,,,,,,,,,,,,,,,,,,,,,,,,
602,2,3,3,2,1,5,1,SO,7,,,,,,,,,,,,,,,,,,,,,,,,,,,,,,,,
603,1,2,3,4,2,4,2,WE,9,,,,,,,,,,,,,,,,,,,,,,,,,,,,,,,,
604,1,3,2,4,1,3,3,MW,3,,,,,,,,,,,,,,,,,,,,,,,,,,,,,,,,
605,1,3,1,4,2,3,2,NE,2,,,,,,,,,,,,,,,,,,,,,,,,,,,,,,,,
606,1,3,1,4,2,2,2,NE,2,,,,,,,,,,,,,,,,,,,,,,,,,,,,,,,,
607,1,2,2,4,8,4,2,MW,4,,,,,,,,,,,,,,,,,,,,,,,,,,,,,,,,
608,#NULL!,#NULL!,2,4,1,4,2,MW,4,,,,,,,,,,,,,,,,,,,,,,,,,,,,,,,,
609,1,3,1,3,1,2,1,SO,5,,,,,,,,,,,,,,,,,,,,,,,,,,,,,,,,
610,1,4,2,4,2,5,2,NE,2,"Accessing of, and even knowledge of the existence of, large publicly available data sets (genomic, proteomic, variation, expression).",,,,,1,,,,,,,,,,,,,,,,,,,,,,,,,,
611,2,3,2,4,2,1,3,WE,9,,,,,,,,,,,,,,,,,,,,,,,,,,,,,,,,
612,2,3,1,2,3,1,1,WE,9,,,,,,,,,,,,,,,,,,,,,,,,,,,,,,,,
613,1,#NULL!,#NULL!,#NULL!,#NULL!,#NULL!,#NULL!,NE,2,,,,,,,,,,,,,,,,,,,,,,,,,,,,,,,,
614,#NULL!,#NULL!,#NULL!,#NULL!,#NULL!,#NULL!,#NULL!,NE,2,,,,,,,,,,,,,,,,,,,,,,,,,,,,,,,,
615,#NULL!,#NULL!,2,4,2,3,1,NE,2,,,,,,,,,,,,,,,,,,,,,,,,,,,,,,,,
616,#NULL!,#NULL!,#NULL!,#NULL!,#NULL!,#NULL!,#NULL!,NE,2,,,,,,,,,,,,,,,,,,,,,,,,,,,,,,,,
617,1,4,1,4,2,4,3,NE,2,All,,,1,,,,,,,,,,,,,,,,,,,,,,,,,,,,
618,#NULL!,#NULL!,#NULL!,#NULL!,#NULL!,#NULL!,#NULL!,MW,4,,,,,,,,,,,,,,,,,,,,,,,,,,,,,,,,
619,1,3,1,4,1,3,2,MW,4,,,,,,,,,,,,,,,,,,,,,,,,,,,,,,,,
620,1,#NULL!,#NULL!,#NULL!,#NULL!,#NULL!,#NULL!,NE,2,,,,,,,,,,,,,,,,,,,,,,,,,,,,,,,,
621,1,3,2,4,1,4,1,SO,7,,,,,,,,,,,,,,,,,,,,,,,,,,,,,,,,
622,#NULL!,#NULL!,#NULL!,#NULL!,#NULL!,#NULL!,#NULL!,SO,7,,,,,,,,,,,,,,,,,,,,,,,,,,,,,,,,
623,1,3,#NULL!,#NULL!,#NULL!,#NULL!,#NULL!,SO,6,,,,,,,,,,,,,,,,,,,,,,,,,,,,,,,,
624,#NULL!,#NULL!,1,2,2,#NULL!,#NULL!,NE,1,,,,,,,,,,,,,,,,,,,,,,,,,,,,,,,,
625,1,3,1,4,8,3,1,SO,7,,,,,,,,,,,,,,,,,,,,,,,,,,,,,,,,
626,2,1,1,4,2,1,1,WE,9,,,,,,,,,,,,,,,,,,,,,,,,,,,,,,,,
627,1,2,2,4,2,2,2,SO,6,,,,,,,,,,,,,,,,,,,,,,,,,,,,,,,,
628,#NULL!,#NULL!,#NULL!,#NULL!,#NULL!,#NULL!,#NULL!,SO,7,,,,,,,,,,,,,,,,,,,,,,,,,,,,,,,,
629,1,3,1,4,8,5,1,NE,2,,,,,,,,,,,,,,,,,,,,,,,,,,,,,,,,
630,1,3,1,4,2,2,3,NE,2,,,,,,,,,,,,,,,,,,,,,,,,,,,,,,,,
631,1,3,#NULL!,#NULL!,#NULL!,#NULL!,#NULL!,MW,4,,,,,,,,,,,,,,,,,,,,,,,,,,,,,,,,
632,1,3,2,4,2,2,2,NE,2,,,,,,,,,,,,,,,,,,,,,,,,,,,,,,,,
633,1,1,1,4,8,3,1,NE,2,,,,,,,,,,,,,,,,,,,,,,,,,,,,,,,,
634,#NULL!,#NULL!,#NULL!,#NULL!,#NULL!,#NULL!,#NULL!,WE,9,,,,,,,,,,,,,,,,,,,,,,,,,,,,,,,,
635,1,3,2,4,8,4,1,WE,9,,,,,,,,,,,,,,,,,,,,,,,,,,,,,,,,
636,2,3,2,4,4,1,2,WE,9,,,,,,,,,,,,,,,,,,,,,,,,,,,,,,,,
637,1,3,1,4,1,2,1,SO,5,,,,,,,,,,,,,,,,,,,,,,,,,,,,,,,,
638,2,3,2,2,3,1,1,SO,5,,,,,,,,,,,,,,,,,,,,,,,,,,,,,,,,
639,1,3,2,4,3,3,1,SO,5,,,,,,,,,,,,,,,,,,,,,,,,,,,,,,,,
640,1,3,#NULL!,#NULL!,#NULL!,#NULL!,#NULL!,SO,5,,,,,,,,,,,,,,,,,,,,,,,,,,,,,,,,
641,1,3,1,4,2,2,1,SO,5,,,,,,,,,,,,,,,,,,,,,,,,,,,,,,,,
642,2,1,2,4,2,1,1,SO,5,,,,,,,,,,,,,,,,,,,,,,,,,,,,,,,,
643,2,3,1,2,2,1,3,SO,5,,,,,,,,,,,,,,,,,,,,,,,,,,,,,,,,
644,1,3,1,2,2,2,1,SO,5,,,,,,,,,,,,,,,,,,,,,,,,,,,,,,,,
645,2,3,1,2,2,1,3,MW,3,,,,,,,,,,,,,,,,,,,,,,,,,,,,,,,,
646,2,3,2,4,2,2,3,SO,5,,,,,,,,,,,,,,,,,,,,,,,,,,,,,,,,
647,1,3,#NULL!,#NULL!,#NULL!,#NULL!,#NULL!,NE,2,,,,,,,,,,,,,,,,,,,,,,,,,,,,,,,,
648,1,4,2,4,9,4,2,WE,9,,,,,,,,,,,,,,,,,,,,,,,,,,,,,,,,
649,1,3,2,4,2,4,3,WE,9,,,,,,,,,,,,,,,,,,,,,,,,,,,,,,,,
650,1,4,2,4,2,4,3,SO,5,Statistical concepts beyond the basics.,1,,,,,,,,,,,,,,,,,,,,,,,,,,,,,,
651,1,3,2,4,2,4,3,SO,5,,,,,,,,,,,,,,,,,,,,,,,,,,,,,,,,
652,1,4,2,4,2,4,2,SO,5,Statistical inference,1,,,,,,,,,,,,,,,,,,,,,,,,,,,,,,
653,2,3,2,2,2,1,1,NE,2,,,,,,,,,,,,,,,,,,,,,,,,,,,,,,,,
654,1,2,1,4,2,4,3,WE,9,,,,,,,,,,,,,,,,,,,,,,,,,,,,,,,,
655,2,3,1,4,8,1,1,SO,7,,,,,,,,,,,,,,,,,,,,,,,,,,,,,,,,
656,2,3,1,2,4,2,2,SO,7,,,,,,,,,,,,,,,,,,,,,,,,,,,,,,,,
657,1,3,2,4,2,4,1,NA,NA,,,,,,,,,,,,,,,,,,,,,,,,,,,,,,,,
658,1,3,1,4,2,4,2,WE,9,,,,,,,,,,,,,,,,,,,,,,,,,,,,,,,,
659,1,3,1,4,2,5,1,WE,9,,,,,,,,,,,,,,,,,,,,,,,,,,,,,,,,
660,1,2,1,4,8,3,1,MW,3,,,,,,,,,,,,,,,,,,,,,,,,,,,,,,,,
661,1,1,1,4,3,2,2,MW,4,,,,,,,,,,,,,,,,,,,,,,,,,,,,,,,,
662,1,2,#NULL!,#NULL!,#NULL!,#NULL!,#NULL!,NE,2,,,,,,,,,,,,,,,,,,,,,,,,,,,,,,,,
663,1,1,2,4,3,2,1,SO,5,,,,,,,,,,,,,,,,,,,,,,,,,,,,,,,,
664,1,3,2,4,3,#NULL!,1,SO,5,,,,,,,,,,,,,,,,,,,,,,,,,,,,,,,,
665,1,1,1,4,9,4,2,MW,4,,,,,,,,,,,,,,,,,,,,,,,,,,,,,,,,
666,1,1,#NULL!,#NULL!,#NULL!,#NULL!,#NULL!,SO,6,,,,,,,,,,,,,,,,,,,,,,,,,,,,,,,,
667,1,3,1,4,3,3,2,NE,1,,,,,,,,,,,,,,,,,,,,,,,,,,,,,,,,
668,1,2,1,4,2,3,2,SO,7,,,,,,,,,,,,,,,,,,,,,,,,,,,,,,,,
669,2,3,1,2,1,1,2,MW,3,,,,,,,,,,,,,,,,,,,,,,,,,,,,,,,,
670,1,3,#NULL!,#NULL!,#NULL!,#NULL!,#NULL!,NE,2,,,,,,,,,,,,,,,,,,,,,,,,,,,,,,,,
671,1,3,#NULL!,#NULL!,#NULL!,#NULL!,#NULL!,NE,1,,,,,,,,,,,,,,,,,,,,,,,,,,,,,,,,
672,1,2,2,4,2,3,2,NE,2,,,,,,,,,,,,,,,,,,,,,,,,,,,,,,,,
673,1,3,3,2,1,5,3,NE,2,,,,,,,,,,,,,,,,,,,,,,,,,,,,,,,,
674,1,1,2,4,9,4,3,SO,5,,,,,,,,,,,,,,,,,,,,,,,,,,,,,,,,
675,1,3,1,4,2,4,2,SO,5,,,,,,,,,,,,,,,,,,,,,,,,,,,,,,,,
676,3,#NULL!,2,2,2,#NULL!,#NULL!,SO,5,,,,,,,,,,,,,,,,,,,,,,,,,,,,,,,,
677,3,#NULL!,1,4,9,#NULL!,#NULL!,WE,9,,,,,,,,,,,,,,,,,,,,,,,,,,,,,,,,
678,3,#NULL!,#NULL!,#NULL!,#NULL!,#NULL!,#NULL!,WE,8,,,,,,,,,,,,,,,,,,,,,,,,,,,,,,,,
679,1,3,2,4,3,3,3,WE,8,,,,,,,,,,,,,,,,,,,,,,,,,,,,,,,,
680,1,1,3,4,8,3,3,WE,8,,,,,,,,,,,,,,,,,,,,,,,,,,,,,,,,
681,1,3,2,4,3,2,2,NE,2,,,,,,,,,,,,,,,,,,,,,,,,,,,,,,,,
682,1,1,1,4,8,2,2,NE,2,,,,,,,,,,,,,,,,,,,,,,,,,,,,,,,,
683,1,1,#NULL!,#NULL!,#NULL!,#NULL!,#NULL!,NE,2,,,,,,,,,,,,,,,,,,,,,,,,,,,,,,,,
684,#NULL!,#NULL!,2,4,2,1,1,NE,1,,,,,,,,,,,,,,,,,,,,,,,,,,,,,,,,
685,1,1,2,4,9,4,3,NA,NA,,,,,,,,,,,,,,,,,,,,,,,,,,,,,,,,
686,1,3,#NULL!,#NULL!,#NULL!,#NULL!,#NULL!,WE,8,,,,,,,,,,,,,,,,,,,,,,,,,,,,,,,,
687,1,3,2,4,2,2,3,MW,3,,,,,,,,,,,,,,,,,,,,,,,,,,,,,,,,
688,1,1,#NULL!,#NULL!,#NULL!,#NULL!,#NULL!,WE,8,,,,,,,,,,,,,,,,,,,,,,,,,,,,,,,,
689,1,1,2,4,3,2,1,WE,8,,,,,,,,,,,,,,,,,,,,,,,,,,,,,,,,
690,2,2,1,5,2,1,2,SO,5,,,,,,,,,,,,,,,,,,,,,,,,,,,,,,,,
691,1,4,2,4,3,4,2,SO,7,"Familiarity with basic command line, bash scripting, and the ability to construct and interpret simple bioinformatics scripts.",,,,,,,1,,1,,,,,,,,,,,,,,,,,,,,,,
692,1,3,1,4,3,2,3,NE,1,,,,,,,,,,,,,,,,,,,,,,,,,,,,,,,,
693,1,3,2,4,1,3,1,WE,8,,,,,,,,,,,,,,,,,,,,,,,,,,,,,,,,
694,1,4,#NULL!,#NULL!,#NULL!,#NULL!,#NULL!,NA,NA,,,,,,,,,,,,,,,,,,,,,,,,,,,,,,,,
695,1,3,1,4,1,2,2,MW,4,,,,,,,,,,,,,,,,,,,,,,,,,,,,,,,,
696,1,3,1,4,2,5,1,SO,6,,,,,,,,,,,,,,,,,,,,,,,,,,,,,,,,
697,1,2,2,4,3,2,2,NE,2,,,,,,,,,,,,,,,,,,,,,,,,,,,,,,,,
698,1,3,#NULL!,#NULL!,#NULL!,#NULL!,#NULL!,NE,2,,,,,,,,,,,,,,,,,,,,,,,,,,,,,,,,
699,1,2,2,4,7,2,2,WE,9,,,,,,,,,,,,,,,,,,,,,,,,,,,,,,,,
700,1,2,2,4,2,3,2,NE,1,,,,,,,,,,,,,,,,,,,,,,,,,,,,,,,,
701,1,3,2,4,2,2,3,NE,1,,,,,,,,,,,,,,,,,,,,,,,,,,,,,,,,
702,1,3,2,4,2,3,3,WE,9,,,,,,,,,,,,,,,,,,,,,,,,,,,,,,,,
703,1,2,1,4,2,3,2,WE,9,,,,,,,,,,,,,,,,,,,,,,,,,,,,,,,,
704,#NULL!,#NULL!,#NULL!,#NULL!,#NULL!,#NULL!,#NULL!,NE,1,,,,,,,,,,,,,,,,,,,,,,,,,,,,,,,,
705,1,3,#NULL!,#NULL!,#NULL!,#NULL!,#NULL!,NE,1,,,,,,,,,,,,,,,,,,,,,,,,,,,,,,,,
706,1,3,1,4,2,2,2,MW,4,,,,,,,,,,,,,,,,,,,,,,,,,,,,,,,,
707,1,1,2,4,2,3,2,MW,3,,,,,,,,,,,,,,,,,,,,,,,,,,,,,,,,
708,1,3,1,4,3,3,1,SO,7,,,,,,,,,,,,,,,,,,,,,,,,,,,,,,,,
709,1,2,2,4,2,5,1,SO,7,,,,,,,,,,,,,,,,,,,,,,,,,,,,,,,,
710,1,2,3,4,3,2,2,SO,5,,,,,,,,,,,,,,,,,,,,,,,,,,,,,,,,
711,1,3,2,4,1,2,2,MW,4,,,,,,,,,,,,,,,,,,,,,,,,,,,,,,,,
712,1,2,1,4,3,3,2,MW,3,,,,,,,,,,,,,,,,,,,,,,,,,,,,,,,,
713,#NULL!,#NULL!,2,4,8,3,3,MW,3,,,,,,,,,,,,,,,,,,,,,,,,,,,,,,,,
714,2,2,1,2,2,1,2,MW,3,,,,,,,,,,,,,,,,,,,,,,,,,,,,,,,,
715,1,3,#NULL!,#NULL!,#NULL!,#NULL!,#NULL!,NE,2,,,,,,,,,,,,,,,,,,,,,,,,,,,,,,,,
716,1,3,1,4,2,3,1,NE,2,,,,,,,,,,,,,,,,,,,,,,,,,,,,,,,,
717,2,3,1,4,3,1,2,SO,7,,,,,,,,,,,,,,,,,,,,,,,,,,,,,,,,
718,2,2,2,4,2,1,3,SO,7,,,,,,,,,,,,,,,,,,,,,,,,,,,,,,,,
719,2,3,2,4,3,1,3,NE,2,,,,,,,,,,,,,,,,,,,,,,,,,,,,,,,,
720,2,3,2,2,8,1,1,SO,5,,,,,,,,,,,,,,,,,,,,,,,,,,,,,,,,
721,#NULL!,#NULL!,1,2,8,1,1,SO,5,,,,,,,,,,,,,,,,,,,,,,,,,,,,,,,,
722,1,2,1,4,2,2,2,NE,1,,,,,,,,,,,,,,,,,,,,,,,,,,,,,,,,
723,1,3,2,4,2,2,2,MW,3,,,,,,,,,,,,,,,,,,,,,,,,,,,,,,,,
724,1,3,1,4,1,2,1,SO,5,,,,,,,,,,,,,,,,,,,,,,,,,,,,,,,,
725,#NULL!,#NULL!,2,4,2,3,1,SO,5,,,,,,,,,,,,,,,,,,,,,,,,,,,,,,,,
726,1,4,2,4,1,4,3,MW,4,Mathematics at all levels.  Quantification,,,,,,,,1,,,,,,,,1,,,,,,,,,,,,,,,
727,1,1,2,4,3,2,2,MW,4,,,,,,,,,,,,,,,,,,,,,,,,,,,,,,,,
728,1,3,1,4,8,2,3,MW,4,,,,,,,,,,,,,,,,,,,,,,,,,,,,,,,,
729,1,4,1,4,2,4,2,WE,9,,,,,,,,,,,,,,,,,,,,,,,,,,,,,,,,
730,1,3,2,4,7,2,2,NA,NA,,,,,,,,,,,,,,,,,,,,,,,,,,,,,,,,
731,#NULL!,#NULL!,#NULL!,#NULL!,#NULL!,#NULL!,#NULL!,NA,NA,,,,,,,,,,,,,,,,,,,,,,,,,,,,,,,,
732,1,3,2,4,2,3,3,SO,7,,,,,,,,,,,,,,,,,,,,,,,,,,,,,,,,
733,1,3,2,4,8,4,2,NE,2,,,,,,,,,,,,,,,,,,,,,,,,,,,,,,,,
734,1,3,2,4,2,3,1,MW,3,,,,,,,,,,,,,,,,,,,,,,,,,,,,,,,,
735,1,2,2,4,3,3,2,MW,3,,,,,,,,,,,,,,,,,,,,,,,,,,,,,,,,
736,1,2,#NULL!,#NULL!,#NULL!,#NULL!,#NULL!,WE,8,,,,,,,,,,,,,,,,,,,,,,,,,,,,,,,,
737,1,3,2,4,2,2,2,MW,3,,,,,,,,,,,,,,,,,,,,,,,,,,,,,,,,
738,1,3,2,4,2,2,3,MW,3,,,,,,,,,,,,,,,,,,,,,,,,,,,,,,,,
739,2,3,2,4,2,1,1,MW,3,,,,,,,,,,,,,,,,,,,,,,,,,,,,,,,,
740,3,#NULL!,#NULL!,#NULL!,#NULL!,#NULL!,#NULL!,WE,9,,,,,,,,,,,,,,,,,,,,,,,,,,,,,,,,
741,1,3,1,4,2,4,2,WE,9,,,,,,,,,,,,,,,,,,,,,,,,,,,,,,,,
742,1,2,2,4,7,2,3,MW,4,,,,,,,,,,,,,,,,,,,,,,,,,,,,,,,,
743,#NULL!,#NULL!,2,4,1,2,1,SO,7,,,,,,,,,,,,,,,,,,,,,,,,,,,,,,,,
744,#NULL!,#NULL!,2,4,3,3,1,SO,7,,,,,,,,,,,,,,,,,,,,,,,,,,,,,,,,
745,1,3,2,4,1,4,3,SO,5,,,,,,,,,,,,,,,,,,,,,,,,,,,,,,,,
746,1,4,2,4,2,4,2,SO,5,Most of the students I work have little familiarity with any bioinformatics when they start.,,,1,,,,,,,,,,,,,,,,,,,,,,,,,,,,
747,1,2,3,4,2,2,3,NE,2,,,,,,,,,,,,,,,,,,,,,,,,,,,,,,,,
748,1,1,2,4,3,2,2,NE,2,,,,,,,,,,,,,,,,,,,,,,,,,,,,,,,,
749,2,3,#NULL!,#NULL!,#NULL!,#NULL!,#NULL!,SO,6,,,,,,,,,,,,,,,,,,,,,,,,,,,,,,,,
750,2,3,1,2,8,1,3,MW,3,,,,,,,,,,,,,,,,,,,,,,,,,,,,,,,,
751,1,4,2,4,1,5,3,MW,3,,,,,,,,,,,,,,,,,,,,,,,,,,,,,,,,
752,1,3,#NULL!,#NULL!,#NULL!,#NULL!,#NULL!,MW,4,,,,,,,,,,,,,,,,,,,,,,,,,,,,,,,,
753,1,3,1,4,1,2,2,MW,4,,,,,,,,,,,,,,,,,,,,,,,,,,,,,,,,
754,1,3,3,4,3,2,3,NE,2,,,,,,,,,,,,,,,,,,,,,,,,,,,,,,,,
755,2,3,1,4,3,1,1,WE,9,,,,,,,,,,,,,,,,,,,,,,,,,,,,,,,,
756,2,3,1,2,1,1,1,WE,9,,,,,,,,,,,,,,,,,,,,,,,,,,,,,,,,
757,1,2,1,4,3,2,1,WE,9,,,,,,,,,,,,,,,,,,,,,,,,,,,,,,,,
758,1,1,2,4,2,3,1,WE,9,,,,,,,,,,,,,,,,,,,,,,,,,,,,,,,,
759,2,2,1,2,8,1,3,WE,9,,,,,,,,,,,,,,,,,,,,,,,,,,,,,,,,
760,1,3,#NULL!,#NULL!,#NULL!,#NULL!,#NULL!,SO,6,,,,,,,,,,,,,,,,,,,,,,,,,,,,,,,,
761,2,2,1,2,2,1,1,MW,4,,,,,,,,,,,,,,,,,,,,,,,,,,,,,,,,
762,2,3,1,2,2,1,1,SO,7,,,,,,,,,,,,,,,,,,,,,,,,,,,,,,,,
763,2,3,1,2,3,1,1,WE,9,,,,,,,,,,,,,,,,,,,,,,,,,,,,,,,,
764,1,3,2,4,2,5,3,MW,4,,,,,,,,,,,,,,,,,,,,,,,,,,,,,,,,
765,1,2,2,4,2,2,1,MW,3,,,,,,,,,,,,,,,,,,,,,,,,,,,,,,,,
766,1,3,1,4,2,2,2,MW,3,,,,,,,,,,,,,,,,,,,,,,,,,,,,,,,,
767,1,3,1,4,8,3,2,MW,3,,,,,,,,,,,,,,,,,,,,,,,,,,,,,,,,
768,2,2,1,4,3,1,1,NE,2,,,,,,,,,,,,,,,,,,,,,,,,,,,,,,,,
769,#NULL!,#NULL!,#NULL!,#NULL!,#NULL!,#NULL!,#NULL!,NA,NA,,,,,,,,,,,,,,,,,,,,,,,,,,,,,,,,
770,1,2,1,4,3,3,1,SO,7,,,,,,,,,,,,,,,,,,,,,,,,,,,,,,,,
771,1,3,2,4,8,2,3,SO,7,,,,,,,,,,,,,,,,,,,,,,,,,,,,,,,,
772,1,3,2,4,2,3,1,WE,8,,,,,,,,,,,,,,,,,,,,,,,,,,,,,,,,
773,1,3,2,4,1,3,1,WE,8,,,,,,,,,,,,,,,,,,,,,,,,,,,,,,,,
774,1,2,2,4,8,2,2,WE,8,,,,,,,,,,,,,,,,,,,,,,,,,,,,,,,,
775,1,3,1,4,3,2,1,NE,2,,,,,,,,,,,,,,,,,,,,,,,,,,,,,,,,
776,1,1,2,4,2,2,1,MW,4,,,,,,,,,,,,,,,,,,,,,,,,,,,,,,,,
777,1,3,1,4,2,2,1,NE,1,,,,,,,,,,,,,,,,,,,,,,,,,,,,,,,,
778,2,3,#NULL!,#NULL!,#NULL!,#NULL!,#NULL!,SO,5,,,,,,,,,,,,,,,,,,,,,,,,,,,,,,,,
779,2,3,1,2,3,1,3,SO,5,,,,,,,,,,,,,,,,,,,,,,,,,,,,,,,,
780,1,2,1,4,3,2,1,SO,5,,,,,,,,,,,,,,,,,,,,,,,,,,,,,,,,
781,2,3,1,4,8,1,1,SO,5,,,,,,,,,,,,,,,,,,,,,,,,,,,,,,,,
782,#NULL!,#NULL!,#NULL!,#NULL!,#NULL!,#NULL!,#NULL!,SO,5,,,,,,,,,,,,,,,,,,,,,,,,,,,,,,,,
783,2,3,2,4,8,1,1,SO,5,,,,,,,,,,,,,,,,,,,,,,,,,,,,,,,,
784,2,#NULL!,#NULL!,#NULL!,#NULL!,#NULL!,#NULL!,SO,5,,,,,,,,,,,,,,,,,,,,,,,,,,,,,,,,
785,1,3,#NULL!,#NULL!,#NULL!,#NULL!,#NULL!,SO,5,,,,,,,,,,,,,,,,,,,,,,,,,,,,,,,,
786,1,2,2,4,3,2,3,SO,7,,,,,,,,,,,,,,,,,,,,,,,,,,,,,,,,
787,1,3,1,4,2,2,3,MW,4,,,,,,,,,,,,,,,,,,,,,,,,,,,,,,,,
788,1,3,2,4,3,2,3,MW,4,,,,,,,,,,,,,,,,,,,,,,,,,,,,,,,,
789,1,1,2,4,8,5,1,MW,4,,,,,,,,,,,,,,,,,,,,,,,,,,,,,,,,
790,1,3,3,4,4,3,2,MW,3,,,,,,,,,,,,,,,,,,,,,,,,,,,,,,,,
791,1,2,2,4,2,2,3,MW,4,,,,,,,,,,,,,,,,,,,,,,,,,,,,,,,,
792,#NULL!,#NULL!,#NULL!,#NULL!,#NULL!,#NULL!,#NULL!,SO,5,,,,,,,,,,,,,,,,,,,,,,,,,,,,,,,,
793,2,3,1,3,1,1,3,SO,5,,,,,,,,,,,,,,,,,,,,,,,,,,,,,,,,
794,2,2,#NULL!,#NULL!,#NULL!,#NULL!,#NULL!,WE,8,,,,,,,,,,,,,,,,,,,,,,,,,,,,,,,,
795,1,2,2,4,2,2,3,NE,2,,,,,,,,,,,,,,,,,,,,,,,,,,,,,,,,
796,2,3,2,2,1,1,1,MW,3,,,,,,,,,,,,,,,,,,,,,,,,,,,,,,,,
797,2,2,1,4,8,1,3,SO,7,,,,,,,,,,,,,,,,,,,,,,,,,,,,,,,,
798,2,3,1,2,2,1,3,NE,2,,,,,,,,,,,,,,,,,,,,,,,,,,,,,,,,
799,2,3,2,2,2,1,3,NE,2,,,,,,,,,,,,,,,,,,,,,,,,,,,,,,,,
800,2,3,1,2,9,1,3,MW,3,,,,,,,,,,,,,,,,,,,,,,,,,,,,,,,,
801,1,2,1,4,2,2,2,WE,8,,,,,,,,,,,,,,,,,,,,,,,,,,,,,,,,
802,3,#NULL!,1,2,8,#NULL!,#NULL!,SO,5,,,,,,,,,,,,,,,,,,,,,,,,,,,,,,,,
803,#NULL!,#NULL!,#NULL!,#NULL!,#NULL!,#NULL!,#NULL!,SO,5,,,,,,,,,,,,,,,,,,,,,,,,,,,,,,,,
804,1,3,1,4,3,2,2,MW,3,,,,,,,,,,,,,,,,,,,,,,,,,,,,,,,,
805,1,3,#NULL!,#NULL!,#NULL!,#NULL!,#NULL!,MW,3,,,,,,,,,,,,,,,,,,,,,,,,,,,,,,,,
806,2,3,1,4,9,1,1,SO,5,,,,,,,,,,,,,,,,,,,,,,,,,,,,,,,,
807,#NULL!,#NULL!,#NULL!,#NULL!,#NULL!,#NULL!,#NULL!,SO,5,,,,,,,,,,,,,,,,,,,,,,,,,,,,,,,,
808,2,3,#NULL!,#NULL!,#NULL!,#NULL!,#NULL!,SO,5,,,,,,,,,,,,,,,,,,,,,,,,,,,,,,,,
809,1,3,#NULL!,#NULL!,#NULL!,#NULL!,#NULL!,NA,NA,,,,,,,,,,,,,,,,,,,,,,,,,,,,,,,,
810,1,4,1,1,8,4,2,NA,NA,,,,,,,,,,,,,,,,,,,,,,,,,,,,,,,,
811,2,3,1,4,2,1,1,WE,9,,,,,,,,,,,,,,,,,,,,,,,,,,,,,,,,
812,2,3,#NULL!,#NULL!,#NULL!,#NULL!,#NULL!,NE,2,,,,,,,,,,,,,,,,,,,,,,,,,,,,,,,,
813,1,3,1,4,2,3,3,SO,7,,,,,,,,,,,,,,,,,,,,,,,,,,,,,,,,
814,1,3,1,4,3,3,1,NE,1,,,,,,,,,,,,,,,,,,,,,,,,,,,,,,,,
815,1,3,3,4,6,2,3,MW,4,,,,,,,,,,,,,,,,,,,,,,,,,,,,,,,,
816,1,3,1,4,1,2,3,MW,4,,,,,,,,,,,,,,,,,,,,,,,,,,,,,,,,
817,1,1,2,4,3,2,2,NE,2,,,,,,,,,,,,,,,,,,,,,,,,,,,,,,,,
818,1,3,1,4,2,3,2,SO,5,,,,,,,,,,,,,,,,,,,,,,,,,,,,,,,,
819,2,3,1,4,1,1,1,SO,7,,,,,,,,,,,,,,,,,,,,,,,,,,,,,,,,
820,2,3,1,2,3,1,1,SO,7,,,,,,,,,,,,,,,,,,,,,,,,,,,,,,,,
821,1,3,1,4,8,5,1,WE,8,,,,,,,,,,,,,,,,,,,,,,,,,,,,,,,,
822,1,3,1,4,1,5,2,SO,5,,,,,,,,,,,,,,,,,,,,,,,,,,,,,,,,
823,2,3,1,4,2,1,1,WE,9,,,,,,,,,,,,,,,,,,,,,,,,,,,,,,,,
824,2,3,2,2,8,1,1,WE,9,,,,,,,,,,,,,,,,,,,,,,,,,,,,,,,,
825,1,1,1,4,3,2,2,NE,1,,,,,,,,,,,,,,,,,,,,,,,,,,,,,,,,
826,2,3,#NULL!,#NULL!,#NULL!,#NULL!,#NULL!,MW,4,,,,,,,,,,,,,,,,,,,,,,,,,,,,,,,,
827,2,2,2,2,8,1,3,MW,4,,,,,,,,,,,,,,,,,,,,,,,,,,,,,,,,
828,1,1,2,4,2,2,3,SO,5,,,,,,,,,,,,,,,,,,,,,,,,,,,,,,,,
829,1,3,2,4,2,4,1,SO,5,,,,,,,,,,,,,,,,,,,,,,,,,,,,,,,,
830,2,3,1,4,1,1,1,WE,8,,,,,,,,,,,,,,,,,,,,,,,,,,,,,,,,
831,1,2,2,4,8,5,2,SO,5,,,,,,,,,,,,,,,,,,,,,,,,,,,,,,,,
832,1,1,1,4,2,2,3,NE,2,,,,,,,,,,,,,,,,,,,,,,,,,,,,,,,,
833,3,#NULL!,1,4,8,#NULL!,#NULL!,NA,NA,,,,,,,,,,,,,,,,,,,,,,,,,,,,,,,,
834,1,3,3,4,2,3,2,NE,2,,,,,,,,,,,,,,,,,,,,,,,,,,,,,,,,
835,1,2,1,4,3,4,2,SO,5,,,,,,,,,,,,,,,,,,,,,,,,,,,,,,,,
836,1,3,2,4,8,3,3,WE,9,,,,,,,,,,,,,,,,,,,,,,,,,,,,,,,,
837,2,3,1,4,2,1,3,MW,3,,,,,,,,,,,,,,,,,,,,,,,,,,,,,,,,
838,1,3,#NULL!,#NULL!,#NULL!,#NULL!,#NULL!,SO,5,,,,,,,,,,,,,,,,,,,,,,,,,,,,,,,,
839,1,3,1,4,2,3,2,SO,5,,,,,,,,,,,,,,,,,,,,,,,,,,,,,,,,
840,2,3,2,4,1,1,3,SO,7,,,,,,,,,,,,,,,,,,,,,,,,,,,,,,,,
841,1,4,2,4,2,4,2,WE,9,,,,,,,,,,,,,,,,,,,,,,,,,,,,,,,,
842,2,3,#NULL!,#NULL!,#NULL!,#NULL!,#NULL!,SO,6,,,,,,,,,,,,,,,,,,,,,,,,,,,,,,,,
843,1,1,1,4,2,2,3,SO,6,,,,,,,,,,,,,,,,,,,,,,,,,,,,,,,,
844,1,2,2,4,3,2,2,WE,9,,,,,,,,,,,,,,,,,,,,,,,,,,,,,,,,
845,2,3,2,2,3,1,1,WE,9,,,,,,,,,,,,,,,,,,,,,,,,,,,,,,,,
846,2,2,2,4,9,1,1,WE,9,,,,,,,,,,,,,,,,,,,,,,,,,,,,,,,,
847,2,3,1,4,1,1,1,WE,9,,,,,,,,,,,,,,,,,,,,,,,,,,,,,,,,
848,2,3,1,2,8,1,1,WE,9,,,,,,,,,,,,,,,,,,,,,,,,,,,,,,,,
849,2,3,#NULL!,#NULL!,#NULL!,#NULL!,#NULL!,SO,6,,,,,,,,,,,,,,,,,,,,,,,,,,,,,,,,
850,1,2,1,4,3,2,1,NE,2,,,,,,,,,,,,,,,,,,,,,,,,,,,,,,,,
851,2,2,2,4,2,1,1,WE,9,,,,,,,,,,,,,,,,,,,,,,,,,,,,,,,,
852,2,2,1,2,8,1,1,MW,3,,,,,,,,,,,,,,,,,,,,,,,,,,,,,,,,
853,1,3,1,4,2,3,3,SO,6,,,,,,,,,,,,,,,,,,,,,,,,,,,,,,,,
854,1,3,1,4,2,#NULL!,#NULL!,SO,6,,,,,,,,,,,,,,,,,,,,,,,,,,,,,,,,
855,1,2,1,4,4,3,3,SO,5,,,,,,,,,,,,,,,,,,,,,,,,,,,,,,,,
856,1,2,2,4,2,2,2,NE,2,,,,,,,,,,,,,,,,,,,,,,,,,,,,,,,,
857,1,3,1,4,3,2,3,NE,2,,,,,,,,,,,,,,,,,,,,,,,,,,,,,,,,
858,1,2,2,4,8,4,2,MW,4,,,,,,,,,,,,,,,,,,,,,,,,,,,,,,,,
859,1,2,2,4,3,3,2,NE,2,,,,,,,,,,,,,,,,,,,,,,,,,,,,,,,,
860,1,4,2,4,8,4,2,SO,5,,,,,,,,,,,,,,,,,,,,,,,,,,,,,,,,
861,2,3,#NULL!,#NULL!,#NULL!,#NULL!,#NULL!,SO,5,,,,,,,,,,,,,,,,,,,,,,,,,,,,,,,,
862,1,1,2,4,2,4,2,WE,8,,,,,,,,,,,,,,,,,,,,,,,,,,,,,,,,
863,1,3,1,4,8,5,1,SO,7,,,,,,,,,,,,,,,,,,,,,,,,,,,,,,,,
864,1,3,1,4,3,3,1,SO,7,,,,,,,,,,,,,,,,,,,,,,,,,,,,,,,,
865,1,3,1,4,3,2,2,MW,3,,,,,,,,,,,,,,,,,,,,,,,,,,,,,,,,
866,1,3,2,4,2,3,3,MW,4,,,,,,,,,,,,,,,,,,,,,,,,,,,,,,,,
867,1,3,2,4,1,3,3,MW,4,,,,,,,,,,,,,,,,,,,,,,,,,,,,,,,,
868,2,3,2,2,2,5,1,WE,9,,,,,,,,,,,,,,,,,,,,,,,,,,,,,,,,
869,1,2,1,4,3,2,3,NE,2,,,,,,,,,,,,,,,,,,,,,,,,,,,,,,,,
870,1,3,1,4,2,2,2,MW,3,,,,,,,,,,,,,,,,,,,,,,,,,,,,,,,,
871,2,2,2,4,3,1,3,WE,9,,,,,,,,,,,,,,,,,,,,,,,,,,,,,,,,
872,#NULL!,#NULL!,3,5,1,5,3,MW,4,,,,,,,,,,,,,,,,,,,,,,,,,,,,,,,,
873,1,3,2,4,1,5,1,MW,3,,,,,,,,,,,,,,,,,,,,,,,,,,,,,,,,
874,1,3,2,4,2,3,1,MW,3,,,,,,,,,,,,,,,,,,,,,,,,,,,,,,,,
875,2,2,2,2,3,1,1,SO,7,,,,,,,,,,,,,,,,,,,,,,,,,,,,,,,,
876,2,3,2,2,1,1,1,SO,7,,,,,,,,,,,,,,,,,,,,,,,,,,,,,,,,
877,1,4,2,4,2,3,2,SO,7,,,,,,,,,,,,,,,,,,,,,,,,,,,,,,,,
878,1,3,2,2,4,4,1,WE,8,,,,,,,,,,,,,,,,,,,,,,,,,,,,,,,,
879,1,3,1,4,8,3,1,NE,2,,,,,,,,,,,,,,,,,,,,,,,,,,,,,,,,
880,1,3,2,4,2,2,1,NE,1,,,,,,,,,,,,,,,,,,,,,,,,,,,,,,,,
881,1,1,1,4,3,2,2,SO,7,,,,,,,,,,,,,,,,,,,,,,,,,,,,,,,,
882,2,3,2,4,1,2,1,SO,5,,,,,,,,,,,,,,,,,,,,,,,,,,,,,,,,
883,#NULL!,#NULL!,#NULL!,#NULL!,#NULL!,#NULL!,#NULL!,WE,8,,,,,,,,,,,,,,,,,,,,,,,,,,,,,,,,
884,2,3,2,2,2,1,1,MW,3,,,,,,,,,,,,,,,,,,,,,,,,,,,,,,,,
885,2,3,2,2,3,1,1,MW,3,,,,,,,,,,,,,,,,,,,,,,,,,,,,,,,,
886,1,2,1,4,8,2,2,MW,4,,,,,,,,,,,,,,,,,,,,,,,,,,,,,,,,
887,#NULL!,#NULL!,1,4,1,3,3,MW,4,,,,,,,,,,,,,,,,,,,,,,,,,,,,,,,,
888,1,3,1,4,2,2,2,MW,4,,,,,,,,,,,,,,,,,,,,,,,,,,,,,,,,
889,2,2,2,2,2,1,3,MW,4,,,,,,,,,,,,,,,,,,,,,,,,,,,,,,,,
890,1,1,2,4,3,4,3,NE,2,,,,,,,,,,,,,,,,,,,,,,,,,,,,,,,,
891,2,2,#NULL!,#NULL!,#NULL!,#NULL!,#NULL!,MW,4,,,,,,,,,,,,,,,,,,,,,,,,,,,,,,,,
892,#NULL!,#NULL!,1,4,1,1,3,NE,1,,,,,,,,,,,,,,,,,,,,,,,,,,,,,,,,
893,1,3,2,4,1,3,1,SO,5,,,,,,,,,,,,,,,,,,,,,,,,,,,,,,,,
894,1,3,#NULL!,#NULL!,#NULL!,#NULL!,#NULL!,SO,6,,,,,,,,,,,,,,,,,,,,,,,,,,,,,,,,
895,#NULL!,#NULL!,#NULL!,#NULL!,#NULL!,#NULL!,#NULL!,SO,5,,,,,,,,,,,,,,,,,,,,,,,,,,,,,,,,
896,1,4,2,4,2,4,3,MW,3,,,,,,,,,,,,,,,,,,,,,,,,,,,,,,,,
897,1,3,2,4,2,2,3,SO,5,,,,,,,,,,,,,,,,,,,,,,,,,,,,,,,,
898,2,2,1,4,2,1,3,WE,8,,,,,,,,,,,,,,,,,,,,,,,,,,,,,,,,
899,2,3,#NULL!,#NULL!,#NULL!,#NULL!,#NULL!,SO,6,,,,,,,,,,,,,,,,,,,,,,,,,,,,,,,,
900,2,3,1,2,1,1,1,SO,6,,,,,,,,,,,,,,,,,,,,,,,,,,,,,,,,
901,1,1,2,4,2,3,3,SO,6,,,,,,,,,,,,,,,,,,,,,,,,,,,,,,,,
902,#NULL!,#NULL!,2,4,1,5,2,SO,6,,,,,,,,,,,,,,,,,,,,,,,,,,,,,,,,
903,2,2,1,4,2,5,3,SO,5,,,,,,,,,,,,,,,,,,,,,,,,,,,,,,,,
904,1,1,2,4,3,5,1,MW,3,,,,,,,,,,,,,,,,,,,,,,,,,,,,,,,,
905,1,3,1,4,2,2,2,SO,6,,,,,,,,,,,,,,,,,,,,,,,,,,,,,,,,
906,1,3,1,4,8,4,2,WE,9,,,,,,,,,,,,,,,,,,,,,,,,,,,,,,,,
907,1,3,2,4,8,4,2,MW,4,,,,,,,,,,,,,,,,,,,,,,,,,,,,,,,,
908,1,4,1,4,9,4,1,WE,9,"Reasoning about data, independently solving problems with data, including locating and using online resources",,,,,1,1,,,,,,,,,,,,,,,,,,,,,,,,,
909,1,2,1,4,8,2,3,WE,9,,,,,,,,,,,,,,,,,,,,,,,,,,,,,,,,
910,2,2,1,2,2,1,3,NE,2,,,,,,,,,,,,,,,,,,,,,,,,,,,,,,,,
911,3,#NULL!,#NULL!,#NULL!,#NULL!,#NULL!,#NULL!,MW,4,,,,,,,,,,,,,,,,,,,,,,,,,,,,,,,,
912,3,#NULL!,2,4,8,#NULL!,#NULL!,WE,9,,,,,,,,,,,,,,,,,,,,,,,,,,,,,,,,
913,1,4,2,4,2,4,3,NE,2,they don't know statistics or how to use even a simple computing environment such as Matlab.,1,,,,,,,,,,,1,,,,,,,,,,,,,,,,,,,
914,1,3,3,4,1,4,1,MW,3,,,,,,,,,,,,,,,,,,,,,,,,,,,,,,,,
915,1,1,2,4,2,2,1,SO,5,,,,,,,,,,,,,,,,,,,,,,,,,,,,,,,,
916,1,4,2,4,2,4,2,WE,9,Many have accessed data in NCBI,,,,,1,,,,,,,,,,,,,,,,,,,,,,,,,,
917,#NULL!,#NULL!,1,1,4,4,1,MW,3,,,,,,,,,,,,,,,,,,,,,,,,,,,,,,,,
918,1,3,1,4,1,4,3,NE,2,,,,,,,,,,,,,,,,,,,,,,,,,,,,,,,,
919,1,2,1,4,3,2,2,SO,5,,,,,,,,,,,,,,,,,,,,,,,,,,,,,,,,
920,1,3,#NULL!,#NULL!,#NULL!,#NULL!,#NULL!,MW,4,,,,,,,,,,,,,,,,,,,,,,,,,,,,,,,,
921,1,3,2,4,2,4,3,MW,3,,,,,,,,,,,,,,,,,,,,,,,,,,,,,,,,
922,1,3,2,4,1,2,2,NE,1,,,,,,,,,,,,,,,,,,,,,,,,,,,,,,,,
923,2,3,2,4,2,1,3,MW,4,,,,,,,,,,,,,,,,,,,,,,,,,,,,,,,,
924,1,3,2,4,8,2,1,NA,NA,,,,,,,,,,,,,,,,,,,,,,,,,,,,,,,,
925,2,3,1,4,8,1,3,NE,2,,,,,,,,,,,,,,,,,,,,,,,,,,,,,,,,
926,1,3,2,4,2,4,1,NE,1,,,,,,,,,,,,,,,,,,,,,,,,,,,,,,,,
927,2,3,#NULL!,#NULL!,#NULL!,#NULL!,#NULL!,NE,1,,,,,,,,,,,,,,,,,,,,,,,,,,,,,,,,
928,2,2,1,4,3,5,3,MW,3,,,,,,,,,,,,,,,,,,,,,,,,,,,,,,,,
929,1,3,1,4,2,4,1,MW,3,,,,,,,,,,,,,,,,,,,,,,,,,,,,,,,,
930,1,3,1,4,2,3,2,MW,3,,,,,,,,,,,,,,,,,,,,,,,,,,,,,,,,
931,1,3,1,4,2,3,2,MW,3,,,,,,,,,,,,,,,,,,,,,,,,,,,,,,,,
932,#NULL!,#NULL!,1,4,2,3,2,MW,3,,,,,,,,,,,,,,,,,,,,,,,,,,,,,,,,
933,1,3,1,2,3,3,1,NE,2,,,,,,,,,,,,,,,,,,,,,,,,,,,,,,,,
934,1,4,1,4,8,4,2,NE,2,programming in general,,1,,,,,,,,,,,,,,,,,,,,,,,,,,,,,
935,1,3,1,4,2,2,2,NE,1,,,,,,,,,,,,,,,,,,,,,,,,,,,,,,,,
936,1,2,2,4,8,2,2,NE,1,,,,,,,,,,,,,,,,,,,,,,,,,,,,,,,,
937,1,2,2,4,7,3,3,NE,1,,,,,,,,,,,,,,,,,,,,,,,,,,,,,,,,
938,1,3,#NULL!,#NULL!,#NULL!,#NULL!,#NULL!,NE,2,,,,,,,,,,,,,,,,,,,,,,,,,,,,,,,,
939,1,1,#NULL!,#NULL!,#NULL!,#NULL!,#NULL!,MW,3,,,,,,,,,,,,,,,,,,,,,,,,,,,,,,,,
940,1,2,1,4,2,2,1,SO,5,,,,,,,,,,,,,,,,,,,,,,,,,,,,,,,,
941,2,3,1,4,2,1,2,MW,4,,,,,,,,,,,,,,,,,,,,,,,,,,,,,,,,
942,1,2,2,4,2,5,1,WE,9,,,,,,,,,,,,,,,,,,,,,,,,,,,,,,,,
943,#NULL!,#NULL!,#NULL!,#NULL!,#NULL!,#NULL!,#NULL!,SO,5,,,,,,,,,,,,,,,,,,,,,,,,,,,,,,,,
944,1,3,1,2,1,3,1,SO,5,,,,,,,,,,,,,,,,,,,,,,,,,,,,,,,,
945,3,#NULL!,#NULL!,#NULL!,#NULL!,#NULL!,#NULL!,NA,NA,,,,,,,,,,,,,,,,,,,,,,,,,,,,,,,,
946,2,2,1,4,8,1,1,NE,2,,,,,,,,,,,,,,,,,,,,,,,,,,,,,,,,
947,1,3,2,4,2,3,2,WE,9,,,,,,,,,,,,,,,,,,,,,,,,,,,,,,,,
948,#NULL!,#NULL!,1,3,1,1,1,MW,3,,,,,,,,,,,,,,,,,,,,,,,,,,,,,,,,
949,1,3,2,4,2,4,2,NE,1,,,,,,,,,,,,,,,,,,,,,,,,,,,,,,,,
950,1,#NULL!,#NULL!,#NULL!,#NULL!,#NULL!,#NULL!,WE,9,,,,,,,,,,,,,,,,,,,,,,,,,,,,,,,,
951,1,3,2,4,8,2,2,SO,5,,,,,,,,,,,,,,,,,,,,,,,,,,,,,,,,
952,#NULL!,#NULL!,#NULL!,#NULL!,#NULL!,#NULL!,#NULL!,SO,5,,,,,,,,,,,,,,,,,,,,,,,,,,,,,,,,
953,1,2,1,4,2,2,1,NE,1,,,,,,,,,,,,,,,,,,,,,,,,,,,,,,,,
954,1,3,2,4,8,3,2,MW,4,,,,,,,,,,,,,,,,,,,,,,,,,,,,,,,,
955,#NULL!,#NULL!,1,4,1,4,3,NE,1,,,,,,,,,,,,,,,,,,,,,,,,,,,,,,,,
956,2,3,1,4,2,1,2,WE,8,,,,,,,,,,,,,,,,,,,,,,,,,,,,,,,,
957,1,4,#NULL!,#NULL!,#NULL!,#NULL!,#NULL!,WE,9,,,,,,,,,,,,,,,,,,,,,,,,,,,,,,,,
958,1,3,1,4,4,2,2,NE,2,,,,,,,,,,,,,,,,,,,,,,,,,,,,,,,,
959,1,3,1,2,8,3,1,NE,2,,,,,,,,,,,,,,,,,,,,,,,,,,,,,,,,
960,2,3,1,2,1,1,3,SO,5,,,,,,,,,,,,,,,,,,,,,,,,,,,,,,,,
961,1,2,1,4,3,3,2,NE,2,,,,,,,,,,,,,,,,,,,,,,,,,,,,,,,,
962,1,3,2,5,9,4,1,NE,1,,,,,,,,,,,,,,,,,,,,,,,,,,,,,,,,
963,2,3,2,4,4,1,3,SO,7,,,,,,,,,,,,,,,,,,,,,,,,,,,,,,,,
964,2,1,3,4,7,5,3,SO,7,,,,,,,,,,,,,,,,,,,,,,,,,,,,,,,,
965,1,4,2,4,2,4,3,MW,3,"Programming skills (beyond click-and-run R scripts), basic statistics knowledge",1,1,,,,,,,,,,,,,,,,,,,,,,,,,,,,,
966,#NULL!,#NULL!,#NULL!,#NULL!,#NULL!,#NULL!,#NULL!,SO,7,,,,,,,,,,,,,,,,,,,,,,,,,,,,,,,,
967,1,2,2,4,2,3,1,MW,3,,,,,,,,,,,,,,,,,,,,,,,,,,,,,,,,
968,1,3,1,4,8,2,2,SO,5,,,,,,,,,,,,,,,,,,,,,,,,,,,,,,,,
969,1,3,1,4,3,2,3,WE,9,,,,,,,,,,,,,,,,,,,,,,,,,,,,,,,,
970,2,2,1,2,3,1,1,WE,9,,,,,,,,,,,,,,,,,,,,,,,,,,,,,,,,
971,1,2,2,4,2,3,3,NE,2,,,,,,,,,,,,,,,,,,,,,,,,,,,,,,,,
972,1,3,1,4,2,2,3,NE,2,,,,,,,,,,,,,,,,,,,,,,,,,,,,,,,,
973,1,4,2,4,2,4,3,MW,3,,,,,,,,,,,,,,,,,,,,,,,,,,,,,,,,
974,2,3,1,5,3,1,3,WE,9,,,,,,,,,,,,,,,,,,,,,,,,,,,,,,,,
975,2,2,1,4,3,1,2,NE,2,,,,,,,,,,,,,,,,,,,,,,,,,,,,,,,,
976,1,3,1,4,8,3,1,NE,2,,,,,,,,,,,,,,,,,,,,,,,,,,,,,,,,
977,#NULL!,#NULL!,2,4,1,4,3,MW,3,,,,,,,,,,,,,,,,,,,,,,,,,,,,,,,,
978,1,2,2,4,3,2,3,SO,7,,,,,,,,,,,,,,,,,,,,,,,,,,,,,,,,
979,2,3,1,2,2,1,1,MW,3,,,,,,,,,,,,,,,,,,,,,,,,,,,,,,,,
980,#NULL!,#NULL!,2,2,1,1,3,MW,3,,,,,,,,,,,,,,,,,,,,,,,,,,,,,,,,
981,1,3,2,4,2,3,1,MW,3,,,,,,,,,,,,,,,,,,,,,,,,,,,,,,,,
982,2,3,1,4,1,1,1,MW,3,,,,,,,,,,,,,,,,,,,,,,,,,,,,,,,,
983,2,2,2,4,8,5,3,MW,3,,,,,,,,,,,,,,,,,,,,,,,,,,,,,,,,
984,1,3,#NULL!,#NULL!,#NULL!,#NULL!,#NULL!,MW,3,,,,,,,,,,,,,,,,,,,,,,,,,,,,,,,,
985,1,3,2,4,3,3,2,NE,2,,,,,,,,,,,,,,,,,,,,,,,,,,,,,,,,
986,#NULL!,#NULL!,2,4,8,2,2,WE,9,,,,,,,,,,,,,,,,,,,,,,,,,,,,,,,,
987,1,3,2,4,2,4,2,SO,7,,,,,,,,,,,,,,,,,,,,,,,,,,,,,,,,
988,1,3,2,4,1,2,2,SO,5,,,,,,,,,,,,,,,,,,,,,,,,,,,,,,,,
989,2,#NULL!,#NULL!,#NULL!,#NULL!,#NULL!,#NULL!,NE,1,,,,,,,,,,,,,,,,,,,,,,,,,,,,,,,,
990,#NULL!,#NULL!,#NULL!,#NULL!,#NULL!,#NULL!,#NULL!,WE,8,,,,,,,,,,,,,,,,,,,,,,,,,,,,,,,,
991,1,4,1,4,1,4,3,NE,1,,,,,,,,,,,,,,,,,,,,,,,,,,,,,,,,
992,1,2,1,4,2,3,2,NE,1,,,,,,,,,,,,,,,,,,,,,,,,,,,,,,,,
993,1,3,1,4,2,4,3,SO,6,,,,,,,,,,,,,,,,,,,,,,,,,,,,,,,,
994,1,1,2,4,3,2,2,NA,NA,,,,,,,,,,,,,,,,,,,,,,,,,,,,,,,,
995,1,3,1,4,2,2,2,SO,6,,,,,,,,,,,,,,,,,,,,,,,,,,,,,,,,
996,2,3,1,2,1,1,1,MW,3,,,,,,,,,,,,,,,,,,,,,,,,,,,,,,,,
997,1,3,1,4,2,5,1,SO,5,,,,,,,,,,,,,,,,,,,,,,,,,,,,,,,,
998,2,3,#NULL!,#NULL!,#NULL!,#NULL!,#NULL!,SO,5,,,,,,,,,,,,,,,,,,,,,,,,,,,,,,,,
999,1,1,1,4,3,2,2,SO,5,,,,,,,,,,,,,,,,,,,,,,,,,,,,,,,,
1000,1,3,2,2,8,5,1,SO,7,,,,,,,,,,,,,,,,,,,,,,,,,,,,,,,,
1001,1,2,1,4,3,4,1,SO,7,,,,,,,,,,,,,,,,,,,,,,,,,,,,,,,,
1002,1,2,2,4,3,3,1,SO,7,,,,,,,,,,,,,,,,,,,,,,,,,,,,,,,,
1003,1,1,1,4,3,3,2,NE,2,,,,,,,,,,,,,,,,,,,,,,,,,,,,,,,,
1004,1,2,2,4,2,2,3,NE,1,,,,,,,,,,,,,,,,,,,,,,,,,,,,,,,,
1005,#NULL!,#NULL!,1,4,8,1,2,MW,4,,,,,,,,,,,,,,,,,,,,,,,,,,,,,,,,
1006,1,2,1,4,2,2,2,NE,2,,,,,,,,,,,,,,,,,,,,,,,,,,,,,,,,
1007,2,3,2,2,8,1,1,MW,4,,,,,,,,,,,,,,,,,,,,,,,,,,,,,,,,
1008,2,3,1,4,2,1,1,WE,9,,,,,,,,,,,,,,,,,,,,,,,,,,,,,,,,
1009,1,2,2,4,2,4,3,WE,8,,,,,,,,,,,,,,,,,,,,,,,,,,,,,,,,
1010,2,2,2,4,8,3,3,WE,8,,,,,,,,,,,,,,,,,,,,,,,,,,,,,,,,
1011,1,1,1,4,8,4,2,WE,8,,,,,,,,,,,,,,,,,,,,,,,,,,,,,,,,
1012,1,2,2,4,2,3,1,WE,9,,,,,,,,,,,,,,,,,,,,,,,,,,,,,,,,
1013,1,1,2,4,2,4,1,SO,5,,,,,,,,,,,,,,,,,,,,,,,,,,,,,,,,
1014,2,3,2,4,4,1,2,MW,3,,,,,,,,,,,,,,,,,,,,,,,,,,,,,,,,
1015,2,#NULL!,#NULL!,#NULL!,#NULL!,#NULL!,#NULL!,SO,7,,,,,,,,,,,,,,,,,,,,,,,,,,,,,,,,
1016,#NULL!,#NULL!,2,4,2,1,1,SO,7,,,,,,,,,,,,,,,,,,,,,,,,,,,,,,,,
1017,1,3,1,4,8,2,3,SO,5,,,,,,,,,,,,,,,,,,,,,,,,,,,,,,,,
1018,1,3,2,4,1,4,2,NE,2,,,,,,,,,,,,,,,,,,,,,,,,,,,,,,,,
1019,1,3,1,4,1,2,2,MW,3,,,,,,,,,,,,,,,,,,,,,,,,,,,,,,,,
1020,1,3,1,4,2,2,1,NE,2,,,,,,,,,,,,,,,,,,,,,,,,,,,,,,,,
1021,1,2,1,4,3,4,3,SO,5,,,,,,,,,,,,,,,,,,,,,,,,,,,,,,,,
1022,2,3,2,1,6,1,1,MW,3,,,,,,,,,,,,,,,,,,,,,,,,,,,,,,,,
1023,2,3,2,4,3,1,1,WE,9,,,,,,,,,,,,,,,,,,,,,,,,,,,,,,,,
1024,1,3,1,4,3,2,1,WE,8,,,,,,,,,,,,,,,,,,,,,,,,,,,,,,,,
1025,1,4,2,4,8,4,1,MW,4,All!  Few seem to have any skills/experience at all.,1,,1,1,,,,1,,,,,,,,,,,,,,,,,,,,,,,
1026,1,2,2,4,3,3,1,SO,6,,,,,,,,,,,,,,,,,,,,,,,,,,,,,,,,
1027,2,3,1,4,8,1,1,NE,2,,,,,,,,,,,,,,,,,,,,,,,,,,,,,,,,
1028,1,2,3,4,3,4,3,SO,5,,,,,,,,,,,,,,,,,,,,,,,,,,,,,,,,
1029,1,3,1,4,8,3,1,SO,7,,,,,,,,,,,,,,,,,,,,,,,,,,,,,,,,
1030,1,3,#NULL!,#NULL!,#NULL!,#NULL!,#NULL!,MW,3,,,,,,,,,,,,,,,,,,,,,,,,,,,,,,,,
1031,1,4,2,4,2,4,2,MW,3,"Statistics, basic mathematics, code development",1,,,1,,,,1,,,,,,,,,,,,,,,,,,,,,,,
1032,1,3,1,4,1,4,2,WE,8,,,,,,,,,,,,,,,,,,,,,,,,,,,,,,,,
1033,2,2,1,4,3,1,2,WE,9,,,,,,,,,,,,,,,,,,,,,,,,,,,,,,,,
1034,2,2,1,4,2,1,3,WE,9,,,,,,,,,,,,,,,,,,,,,,,,,,,,,,,,
1035,1,2,1,4,2,3,2,NE,2,,,,,,,,,,,,,,,,,,,,,,,,,,,,,,,,
1036,1,3,2,4,2,3,1,WE,9,,,,,,,,,,,,,,,,,,,,,,,,,,,,,,,,
1037,1,3,#NULL!,#NULL!,#NULL!,#NULL!,#NULL!,SO,5,,,,,,,,,,,,,,,,,,,,,,,,,,,,,,,,
1038,1,4,2,4,6,4,1,SO,7,,,,,,,,,,,,,,,,,,,,,,,,,,,,,,,,
1039,#NULL!,#NULL!,1,4,2,4,1,NE,2,,,,,,,,,,,,,,,,,,,,,,,,,,,,,,,,
1040,1,2,2,4,8,3,2,MW,4,,,,,,,,,,,,,,,,,,,,,,,,,,,,,,,,
1041,1,1,1,4,2,4,2,WE,9,,,,,,,,,,,,,,,,,,,,,,,,,,,,,,,,
1042,1,3,1,4,3,2,2,NE,2,,,,,,,,,,,,,,,,,,,,,,,,,,,,,,,,
1043,1,2,1,4,3,3,1,NE,2,,,,,,,,,,,,,,,,,,,,,,,,,,,,,,,,
1044,1,2,2,4,2,2,3,NE,2,,,,,,,,,,,,,,,,,,,,,,,,,,,,,,,,
1045,1,2,3,3,2,3,3,NE,2,,,,,,,,,,,,,,,,,,,,,,,,,,,,,,,,
1046,2,3,1,4,3,1,1,WE,8,,,,,,,,,,,,,,,,,,,,,,,,,,,,,,,,
1047,1,1,2,4,2,4,2,NE,1,,,,,,,,,,,,,,,,,,,,,,,,,,,,,,,,
1048,1,1,#NULL!,#NULL!,#NULL!,#NULL!,#NULL!,MW,4,,,,,,,,,,,,,,,,,,,,,,,,,,,,,,,,
1049,1,4,2,4,2,4,3,NE,2,"In our program, anything quantitative, anything computational. Very few with useful programming skills or deep statistical understanding",1,1,,,,,,1,,1,,,,,,,,,,,,,,,,,,,,,
1050,1,2,1,4,8,2,2,NE,2,,,,,,,,,,,,,,,,,,,,,,,,,,,,,,,,
1051,1,1,1,4,8,3,3,MW,4,,,,,,,,,,,,,,,,,,,,,,,,,,,,,,,,
1052,1,2,1,4,3,2,3,MW,4,,,,,,,,,,,,,,,,,,,,,,,,,,,,,,,,
1053,1,3,1,4,8,2,2,MW,4,,,,,,,,,,,,,,,,,,,,,,,,,,,,,,,,
1054,1,3,1,4,3,3,2,WE,9,,,,,,,,,,,,,,,,,,,,,,,,,,,,,,,,
1055,1,1,2,4,3,3,2,MW,4,,,,,,,,,,,,,,,,,,,,,,,,,,,,,,,,
1056,1,3,1,4,2,5,3,WE,9,,,,,,,,,,,,,,,,,,,,,,,,,,,,,,,,
1057,1,3,2,4,3,2,2,MW,3,,,,,,,,,,,,,,,,,,,,,,,,,,,,,,,,
1058,2,2,#NULL!,#NULL!,#NULL!,#NULL!,#NULL!,SO,7,,,,,,,,,,,,,,,,,,,,,,,,,,,,,,,,
1059,1,3,1,4,2,3,2,WE,9,,,,,,,,,,,,,,,,,,,,,,,,,,,,,,,,
1060,1,2,2,4,2,5,3,MW,3,,,,,,,,,,,,,,,,,,,,,,,,,,,,,,,,
1061,2,3,1,2,8,1,1,WE,9,,,,,,,,,,,,,,,,,,,,,,,,,,,,,,,,
1062,1,2,1,4,2,5,1,NE,2,,,,,,,,,,,,,,,,,,,,,,,,,,,,,,,,
1063,1,2,1,4,8,3,2,NE,2,,,,,,,,,,,,,,,,,,,,,,,,,,,,,,,,
1064,2,1,1,4,2,1,1,WE,8,,,,,,,,,,,,,,,,,,,,,,,,,,,,,,,,
1065,1,4,#NULL!,#NULL!,#NULL!,#NULL!,#NULL!,SO,5,,,,,,,,,,,,,,,,,,,,,,,,,,,,,,,,
1066,1,3,2,4,2,5,3,NE,2,,,,,,,,,,,,,,,,,,,,,,,,,,,,,,,,
1067,1,3,2,4,1,2,1,NE,2,,,,,,,,,,,,,,,,,,,,,,,,,,,,,,,,
1068,1,1,2,4,8,2,3,SO,6,,,,,,,,,,,,,,,,,,,,,,,,,,,,,,,,
1069,1,2,1,4,3,2,3,NE,1,,,,,,,,,,,,,,,,,,,,,,,,,,,,,,,,
1070,2,3,2,4,9,1,1,WE,8,,,,,,,,,,,,,,,,,,,,,,,,,,,,,,,,
1071,1,1,#NULL!,4,2,2,1,SO,7,,,,,,,,,,,,,,,,,,,,,,,,,,,,,,,,
1072,1,3,1,4,3,2,1,SO,6,,,,,,,,,,,,,,,,,,,,,,,,,,,,,,,,
1073,3,#NULL!,#NULL!,#NULL!,#NULL!,#NULL!,#NULL!,NE,1,,,,,,,,,,,,,,,,,,,,,,,,,,,,,,,,
1074,2,3,2,4,1,1,1,SO,5,,,,,,,,,,,,,,,,,,,,,,,,,,,,,,,,
1075,1,3,1,4,1,4,3,SO,5,,,,,,,,,,,,,,,,,,,,,,,,,,,,,,,,
1076,1,2,#NULL!,#NULL!,#NULL!,#NULL!,#NULL!,NE,2,,,,,,,,,,,,,,,,,,,,,,,,,,,,,,,,
1077,2,3,2,4,3,5,1,SO,7,,,,,,,,,,,,,,,,,,,,,,,,,,,,,,,,
1078,1,3,#NULL!,#NULL!,#NULL!,#NULL!,#NULL!,SO,6,,,,,,,,,,,,,,,,,,,,,,,,,,,,,,,,
1079,3,#NULL!,#NULL!,#NULL!,#NULL!,#NULL!,#NULL!,SO,7,,,,,,,,,,,,,,,,,,,,,,,,,,,,,,,,
1080,1,2,2,4,2,3,1,SO,5,,,,,,,,,,,,,,,,,,,,,,,,,,,,,,,,
1081,1,1,1,4,8,4,1,NE,2,,,,,,,,,,,,,,,,,,,,,,,,,,,,,,,,
1082,1,1,1,4,9,4,2,NE,1,,,,,,,,,,,,,,,,,,,,,,,,,,,,,,,,
1083,1,3,2,2,3,2,3,SO,7,,,,,,,,,,,,,,,,,,,,,,,,,,,,,,,,
1084,2,3,1,4,3,1,1,WE,8,,,,,,,,,,,,,,,,,,,,,,,,,,,,,,,,
1085,1,1,1,4,2,4,2,WE,8,,,,,,,,,,,,,,,,,,,,,,,,,,,,,,,,
1086,1,2,2,4,3,4,2,SO,5,,,,,,,,,,,,,,,,,,,,,,,,,,,,,,,,
1087,2,3,1,4,8,5,3,SO,5,,,,,,,,,,,,,,,,,,,,,,,,,,,,,,,,
1088,1,3,2,4,2,3,1,SO,6,,,,,,,,,,,,,,,,,,,,,,,,,,,,,,,,
1089,#NULL!,#NULL!,#NULL!,#NULL!,#NULL!,#NULL!,#NULL!,SO,5,,,,,,,,,,,,,,,,,,,,,,,,,,,,,,,,
1090,1,4,1,2,3,4,1,MW,4,Algorithms and mining databases.,,,,,,,,,,,1,,,,,,,,,,,,,,,,,,,,
1091,1,2,1,4,9,2,3,MW,4,,,,,,,,,,,,,,,,,,,,,,,,,,,,,,,,
1092,1,1,2,4,8,4,3,WE,9,,,,,,,,,,,,,,,,,,,,,,,,,,,,,,,,
1093,2,1,2,4,8,1,1,NE,2,,,,,,,,,,,,,,,,,,,,,,,,,,,,,,,,
1094,1,2,1,4,3,2,2,NE,2,,,,,,,,,,,,,,,,,,,,,,,,,,,,,,,,
1095,1,2,2,4,2,2,2,NE,2,,,,,,,,,,,,,,,,,,,,,,,,,,,,,,,,
1096,1,1,2,4,4,2,3,WE,9,,,,,,,,,,,,,,,,,,,,,,,,,,,,,,,,
1097,1,3,1,1,3,4,1,WE,8,,,,,,,,,,,,,,,,,,,,,,,,,,,,,,,,
1098,2,3,#NULL!,#NULL!,#NULL!,#NULL!,#NULL!,SO,7,,,,,,,,,,,,,,,,,,,,,,,,,,,,,,,,
1099,2,3,1,4,3,1,1,WE,9,,,,,,,,,,,,,,,,,,,,,,,,,,,,,,,,
1100,1,2,2,4,3,#NULL!,#NULL!,NE,2,,,,,,,,,,,,,,,,,,,,,,,,,,,,,,,,
1101,1,1,1,4,3,2,2,NE,2,,,,,,,,,,,,,,,,,,,,,,,,,,,,,,,,
1102,1,2,1,4,2,2,2,WE,8,,,,,,,,,,,,,,,,,,,,,,,,,,,,,,,,
1103,1,1,2,4,2,2,3,WE,8,,,,,,,,,,,,,,,,,,,,,,,,,,,,,,,,
1104,1,3,1,4,2,4,2,SO,5,,,,,,,,,,,,,,,,,,,,,,,,,,,,,,,,
1105,2,3,1,4,2,1,1,NE,1,,,,,,,,,,,,,,,,,,,,,,,,,,,,,,,,
1106,1,3,1,4,3,2,2,WE,9,,,,,,,,,,,,,,,,,,,,,,,,,,,,,,,,
1107,1,3,2,4,2,4,1,SO,5,,,,,,,,,,,,,,,,,,,,,,,,,,,,,,,,
1108,2,#NULL!,#NULL!,#NULL!,#NULL!,#NULL!,#NULL!,WE,9,,,,,,,,,,,,,,,,,,,,,,,,,,,,,,,,
1109,1,3,2,4,2,4,3,NE,2,,,,,,,,,,,,,,,,,,,,,,,,,,,,,,,,
1110,1,3,2,4,3,4,1,NE,1,,,,,,,,,,,,,,,,,,,,,,,,,,,,,,,,
1111,1,2,2,4,2,3,2,NE,1,,,,,,,,,,,,,,,,,,,,,,,,,,,,,,,,
1112,1,3,1,4,2,4,2,SO,5,,,,,,,,,,,,,,,,,,,,,,,,,,,,,,,,
1113,1,2,2,4,2,4,3,SO,5,,,,,,,,,,,,,,,,,,,,,,,,,,,,,,,,
1114,1,3,1,4,1,5,1,WE,9,,,,,,,,,,,,,,,,,,,,,,,,,,,,,,,,
1115,1,3,2,4,9,3,1,SO,5,,,,,,,,,,,,,,,,,,,,,,,,,,,,,,,,
1116,1,1,1,4,3,2,2,SO,6,,,,,,,,,,,,,,,,,,,,,,,,,,,,,,,,
1117,1,3,2,4,8,2,2,SO,5,,,,,,,,,,,,,,,,,,,,,,,,,,,,,,,,
1118,1,4,1,4,8,4,2,MW,3,,,,,,,,,,,,,,,,,,,,,,,,,,,,,,,,
1119,1,3,2,4,1,2,2,SO,5,,,,,,,,,,,,,,,,,,,,,,,,,,,,,,,,
1120,1,3,2,4,2,2,3,MW,3,,,,,,,,,,,,,,,,,,,,,,,,,,,,,,,,
1121,1,4,2,4,7,4,1,WE,9,"General data skills, working in the Shell",,1,,,,1,,,,,,,,,,,,,,,,,,,,,,,,,
1122,2,3,#NULL!,#NULL!,#NULL!,#NULL!,#NULL!,MW,3,,,,,,,,,,,,,,,,,,,,,,,,,,,,,,,,
1123,1,4,2,1,2,4,3,NA,NA,"Basic scripting, best practices, experience with command line tools, knowledge of statistics beyond the required intro course from their major.",1,,,,,,1,,1,,,,,,,,,,,,,,,,,,,,,,
1124,1,1,1,4,9,5,3,MW,4,,,,,,,,,,,,,,,,,,,,,,,,,,,,,,,,
1125,2,3,#NULL!,#NULL!,#NULL!,#NULL!,#NULL!,SO,5,,,,,,,,,,,,,,,,,,,,,,,,,,,,,,,,
1126,2,2,1,4,3,1,1,WE,9,,,,,,,,,,,,,,,,,,,,,,,,,,,,,,,,
1127,1,3,1,4,8,4,2,WE,8,,,,,,,,,,,,,,,,,,,,,,,,,,,,,,,,
1128,2,1,1,2,3,1,1,SO,7,,,,,,,,,,,,,,,,,,,,,,,,,,,,,,,,
1129,2,1,#NULL!,#NULL!,#NULL!,#NULL!,#NULL!,SO,7,,,,,,,,,,,,,,,,,,,,,,,,,,,,,,,,
1130,1,2,1,4,3,4,2,NE,1,,,,,,,,,,,,,,,,,,,,,,,,,,,,,,,,
1131,1,4,1,4,2,4,1,NE,1,general management of sequence data,,,,,,,,,,,,,,,,,,,,,,,,,1,,,,,,
1132,1,3,1,4,3,2,3,NE,2,,,,,,,,,,,,,,,,,,,,,,,,,,,,,,,,
1133,1,3,2,4,2,4,1,WE,9,,,,,,,,,,,,,,,,,,,,,,,,,,,,,,,,
1134,1,3,1,1,8,4,1,MW,3,,,,,,,,,,,,,,,,,,,,,,,,,,,,,,,,
1135,2,3,2,4,6,1,2,SO,7,,,,,,,,,,,,,,,,,,,,,,,,,,,,,,,,
1136,1,3,#NULL!,#NULL!,#NULL!,#NULL!,#NULL!,NE,1,,,,,,,,,,,,,,,,,,,,,,,,,,,,,,,,
1137,2,3,1,5,9,1,1,NE,2,,,,,,,,,,,,,,,,,,,,,,,,,,,,,,,,
1138,1,3,#NULL!,#NULL!,#NULL!,#NULL!,#NULL!,SO,5,,,,,,,,,,,,,,,,,,,,,,,,,,,,,,,,
1139,1,1,3,4,#NULL!,4,3,NE,2,,,,,,,,,,,,,,,,,,,,,,,,,,,,,,,,
1140,1,2,1,4,3,3,3,SO,5,,,,,,,,,,,,,,,,,,,,,,,,,,,,,,,,
1141,2,3,#NULL!,#NULL!,#NULL!,#NULL!,#NULL!,SO,5,,,,,,,,,,,,,,,,,,,,,,,,,,,,,,,,
1142,2,3,1,2,2,1,1,WE,9,,,,,,,,,,,,,,,,,,,,,,,,,,,,,,,,
1143,1,3,2,4,3,4,3,SO,5,,,,,,,,,,,,,,,,,,,,,,,,,,,,,,,,
1144,1,4,2,4,2,4,2,SO,5,,,,,,,,,,,,,,,,,,,,,,,,,,,,,,,,
1145,1,3,1,4,2,4,2,SO,6,,,,,,,,,,,,,,,,,,,,,,,,,,,,,,,,
1146,2,3,2,2,4,1,3,SO,6,,,,,,,,,,,,,,,,,,,,,,,,,,,,,,,,
1147,1,3,1,4,3,4,2,WE,8,,,,,,,,,,,,,,,,,,,,,,,,,,,,,,,,
1148,1,2,2,4,2,2,2,NE,2,,,,,,,,,,,,,,,,,,,,,,,,,,,,,,,,
1149,1,4,3,4,8,3,3,WE,9,"Rarely will a applicant to a graduate level bioinformatics program have sufficient background in Biology, Chemistry, Statistics/Biostatistics, and Computation.  Applicants come from a variety of backgrounds, so they typically lack prerequisite knowledge i one or more fo the previously listed areas.",1,,,,,,,,,1,,,,,,,,,,,,,,,,1,,,,,
1150,#NULL!,#NULL!,2,4,2,1,1,SO,5,,,,,,,,,,,,,,,,,,,,,,,,,,,,,,,,
1151,3,#NULL!,2,2,3,#NULL!,#NULL!,WE,9,,,,,,,,,,,,,,,,,,,,,,,,,,,,,,,,
1152,1,3,1,4,2,5,1,SO,5,,,,,,,,,,,,,,,,,,,,,,,,,,,,,,,,
1153,1,4,1,4,2,4,1,WE,8,unserstanding of the role of algirithms in biasing interpretation,,,,,,,,,,,,,1,,,,,,,,,,,,,,,,,,
1154,2,2,#NULL!,#NULL!,#NULL!,#NULL!,#NULL!,SO,7,,,,,,,,,,,,,,,,,,,,,,,,,,,,,,,,
1155,#NULL!,#NULL!,#NULL!,#NULL!,#NULL!,#NULL!,#NULL!,NE,2,,,,,,,,,,,,,,,,,,,,,,,,,,,,,,,,
1156,1,1,2,4,2,5,3,NE,1,,,,,,,,,,,,,,,,,,,,,,,,,,,,,,,,
1157,1,3,#NULL!,#NULL!,#NULL!,#NULL!,#NULL!,NE,1,,,,,,,,,,,,,,,,,,,,,,,,,,,,,,,,
1158,1,2,2,4,2,4,2,MW,3,,,,,,,,,,,,,,,,,,,,,,,,,,,,,,,,
1159,1,2,#NULL!,#NULL!,#NULL!,#NULL!,#NULL!,NE,2,,,,,,,,,,,,,,,,,,,,,,,,,,,,,,,,
1160,1,1,2,4,3,2,2,MW,3,,,,,,,,,,,,,,,,,,,,,,,,,,,,,,,,
1161,1,1,2,4,2,2,3,NE,2,,,,,,,,,,,,,,,,,,,,,,,,,,,,,,,,
1162,1,3,#NULL!,#NULL!,#NULL!,#NULL!,#NULL!,MW,3,,,,,,,,,,,,,,,,,,,,,,,,,,,,,,,,
1163,1,3,1,4,9,4,1,WE,8,,,,,,,,,,,,,,,,,,,,,,,,,,,,,,,,
1164,#NULL!,#NULL!,1,4,1,4,3,WE,9,,,,,,,,,,,,,,,,,,,,,,,,,,,,,,,,
1165,1,2,2,4,2,3,2,NE,2,,,,,,,,,,,,,,,,,,,,,,,,,,,,,,,,
1166,1,3,3,4,3,3,2,SO,5,,,,,,,,,,,,,,,,,,,,,,,,,,,,,,,,
1167,1,1,2,4,9,3,3,SO,7,,,,,,,,,,,,,,,,,,,,,,,,,,,,,,,,
1168,1,3,1,4,2,3,2,SO,6,,,,,,,,,,,,,,,,,,,,,,,,,,,,,,,,
1169,1,2,1,4,3,3,2,SO,6,,,,,,,,,,,,,,,,,,,,,,,,,,,,,,,,
1170,1,1,2,4,2,4,3,SO,7,,,,,,,,,,,,,,,,,,,,,,,,,,,,,,,,
1171,1,3,1,4,3,2,3,SO,7,,,,,,,,,,,,,,,,,,,,,,,,,,,,,,,,
1172,1,2,1,4,3,3,2,MW,4,,,,,,,,,,,,,,,,,,,,,,,,,,,,,,,,
1173,1,3,2,4,4,2,1,SO,5,,,,,,,,,,,,,,,,,,,,,,,,,,,,,,,,
1174,1,1,#NULL!,#NULL!,#NULL!,#NULL!,#NULL!,NA,NA,,,,,,,,,,,,,,,,,,,,,,,,,,,,,,,,
1175,2,3,2,2,8,1,1,NE,1,,,,,,,,,,,,,,,,,,,,,,,,,,,,,,,,
1176,1,2,3,4,2,4,3,MW,3,,,,,,,,,,,,,,,,,,,,,,,,,,,,,,,,
1177,#NULL!,#NULL!,1,4,8,1,3,NE,2,,,,,,,,,,,,,,,,,,,,,,,,,,,,,,,,
1178,#NULL!,#NULL!,#NULL!,#NULL!,#NULL!,#NULL!,#NULL!,SO,7,,,,,,,,,,,,,,,,,,,,,,,,,,,,,,,,
1179,1,1,2,4,9,4,2,NE,2,,,,,,,,,,,,,,,,,,,,,,,,,,,,,,,,
1180,1,3,#NULL!,4,3,2,1,SO,5,,,,,,,,,,,,,,,,,,,,,,,,,,,,,,,,
1181,#NULL!,#NULL!,#NULL!,#NULL!,#NULL!,#NULL!,#NULL!,MW,4,,,,,,,,,,,,,,,,,,,,,,,,,,,,,,,,
1182,1,3,2,4,2,4,2,SO,5,,,,,,,,,,,,,,,,,,,,,,,,,,,,,,,,
1183,1,2,1,4,3,2,1,SO,5,,,,,,,,,,,,,,,,,,,,,,,,,,,,,,,,
1184,1,3,2,4,2,3,1,WE,9,,,,,,,,,,,,,,,,,,,,,,,,,,,,,,,,
1185,1,1,2,4,2,3,2,WE,9,,,,,,,,,,,,,,,,,,,,,,,,,,,,,,,,
1186,1,2,1,4,4,3,2,MW,4,,,,,,,,,,,,,,,,,,,,,,,,,,,,,,,,
1187,1,3,1,4,8,4,3,MW,4,,,,,,,,,,,,,,,,,,,,,,,,,,,,,,,,
1188,1,3,1,4,3,2,2,NE,1,,,,,,,,,,,,,,,,,,,,,,,,,,,,,,,,
1189,1,1,2,4,3,3,2,NE,1,,,,,,,,,,,,,,,,,,,,,,,,,,,,,,,,
1190,2,3,1,2,1,5,1,SO,5,,,,,,,,,,,,,,,,,,,,,,,,,,,,,,,,
1191,1,3,1,4,2,2,3,MW,4,,,,,,,,,,,,,,,,,,,,,,,,,,,,,,,,
1192,1,1,2,4,8,3,3,WE,8,,,,,,,,,,,,,,,,,,,,,,,,,,,,,,,,
1193,1,2,2,4,3,4,2,MW,3,,,,,,,,,,,,,,,,,,,,,,,,,,,,,,,,
1194,#NULL!,#NULL!,2,3,1,5,3,MW,3,,,,,,,,,,,,,,,,,,,,,,,,,,,,,,,,
1195,#NULL!,#NULL!,1,4,1,4,3,MW,4,,,,,,,,,,,,,,,,,,,,,,,,,,,,,,,,
1196,1,3,2,4,2,4,2,MW,3,,,,,,,,,,,,,,,,,,,,,,,,,,,,,,,,
1197,3,#NULL!,1,4,9,#NULL!,#NULL!,MW,3,,,,,,,,,,,,,,,,,,,,,,,,,,,,,,,,
1198,1,3,1,4,2,4,2,NE,1,,,,,,,,,,,,,,,,,,,,,,,,,,,,,,,,
1199,1,4,2,4,9,4,2,SO,6,,,,,,,,,,,,,,,,,,,,,,,,,,,,,,,,
1200,1,2,2,4,8,5,3,WE,9,,,,,,,,,,,,,,,,,,,,,,,,,,,,,,,,
1201,2,3,2,4,1,5,1,SO,5,,,,,,,,,,,,,,,,,,,,,,,,,,,,,,,,
1202,1,3,2,4,7,4,1,WE,9,,,,,,,,,,,,,,,,,,,,,,,,,,,,,,,,
1203,#NULL!,#NULL!,2,3,8,1,1,SO,7,,,,,,,,,,,,,,,,,,,,,,,,,,,,,,,,
1204,2,3,#NULL!,#NULL!,#NULL!,#NULL!,#NULL!,SO,7,,,,,,,,,,,,,,,,,,,,,,,,,,,,,,,,
1205,1,3,2,4,2,2,3,SO,7,,,,,,,,,,,,,,,,,,,,,,,,,,,,,,,,
1206,1,3,1,4,8,2,1,SO,7,,,,,,,,,,,,,,,,,,,,,,,,,,,,,,,,
1207,1,3,2,4,3,2,1,MW,4,,,,,,,,,,,,,,,,,,,,,,,,,,,,,,,,
1208,1,3,1,4,2,4,3,NE,1,,,,,,,,,,,,,,,,,,,,,,,,,,,,,,,,
1209,1,1,2,4,9,2,1,SO,7,,,,,,,,,,,,,,,,,,,,,,,,,,,,,,,,
1210,2,3,2,4,2,#NULL!,#NULL!,SO,7,,,,,,,,,,,,,,,,,,,,,,,,,,,,,,,,
1211,1,2,#NULL!,#NULL!,#NULL!,#NULL!,#NULL!,NE,2,,,,,,,,,,,,,,,,,,,,,,,,,,,,,,,,
1212,1,3,1,2,9,2,1,SO,5,,,,,,,,,,,,,,,,,,,,,,,,,,,,,,,,
1213,2,3,#NULL!,#NULL!,#NULL!,#NULL!,#NULL!,,,,,,,,,,,,,,,,,,,,,,,,,,,,,,,,,,
1214,3,#NULL!,2,4,2,#NULL!,#NULL!,NA,NA,,,,,,,,,,,,,,,,,,,,,,,,,,,,,,,,
1215,1,2,2,4,3,4,2,MW,3,,,,,,,,,,,,,,,,,,,,,,,,,,,,,,,,
1216,1,3,2,5,2,3,3,NA,NA,,,,,,,,,,,,,,,,,,,,,,,,,,,,,,,,
1217,1,2,1,2,8,4,2,WE,8,,,,,,,,,,,,,,,,,,,,,,,,,,,,,,,,
1218,1,3,1,4,3,4,3,NE,2,,,,,,,,,,,,,,,,,,,,,,,,,,,,,,,,
1219,1,3,#NULL!,#NULL!,#NULL!,#NULL!,#NULL!,WE,9,,,,,,,,,,,,,,,,,,,,,,,,,,,,,,,,
1220,1,1,1,4,3,4,2,NE,1,,,,,,,,,,,,,,,,,,,,,,,,,,,,,,,,
1221,1,3,2,4,2,2,2,SO,5,,,,,,,,,,,,,,,,,,,,,,,,,,,,,,,,
1222,1,3,#NULL!,#NULL!,#NULL!,#NULL!,#NULL!,SO,5,,,,,,,,,,,,,,,,,,,,,,,,,,,,,,,,
1223,1,3,3,4,8,1,1,SO,5,,,,,,,,,,,,,,,,,,,,,,,,,,,,,,,,
1224,1,3,2,4,1,2,3,MW,4,,,,,,,,,,,,,,,,,,,,,,,,,,,,,,,,
1225,2,3,2,2,3,1,3,WE,8,,,,,,,,,,,,,,,,,,,,,,,,,,,,,,,,
1226,2,3,2,3,3,1,1,SO,5,,,,,,,,,,,,,,,,,,,,,,,,,,,,,,,,
1227,#NULL!,#NULL!,#NULL!,#NULL!,#NULL!,#NULL!,#NULL!,WE,9,,,,,,,,,,,,,,,,,,,,,,,,,,,,,,,,
1228,1,2,1,4,3,3,2,MW,3,,,,,,,,,,,,,,,,,,,,,,,,,,,,,,,,
1229,1,3,1,2,2,1,1,WE,9,,,,,,,,,,,,,,,,,,,,,,,,,,,,,,,,
1230,1,3,2,4,2,4,2,NE,1,,,,,,,,,,,,,,,,,,,,,,,,,,,,,,,,
1231,1,1,2,4,9,4,2,NE,2,,,,,,,,,,,,,,,,,,,,,,,,,,,,,,,,
1232,1,3,2,4,2,4,3,NE,2,,,,,,,,,,,,,,,,,,,,,,,,,,,,,,,,
1233,1,3,1,4,2,5,2,NE,2,,,,,,,,,,,,,,,,,,,,,,,,,,,,,,,,
1234,1,4,1,4,3,4,2,WE,8,,,,,,,,,,,,,,,,,,,,,,,,,,,,,,,,
1235,1,1,2,4,9,4,3,MW,3,,,,,,,,,,,,,,,,,,,,,,,,,,,,,,,,
1236,#NULL!,#NULL!,#NULL!,#NULL!,#NULL!,#NULL!,#NULL!,MW,4,,,,,,,,,,,,,,,,,,,,,,,,,,,,,,,,
1237,1,3,2,4,2,2,3,MW,4,,,,,,,,,,,,,,,,,,,,,,,,,,,,,,,,
1238,1,3,2,4,2,2,2,MW,4,,,,,,,,,,,,,,,,,,,,,,,,,,,,,,,,
1239,1,3,2,4,2,4,2,MW,3,,,,,,,,,,,,,,,,,,,,,,,,,,,,,,,,
1240,1,3,#NULL!,#NULL!,#NULL!,#NULL!,#NULL!,MW,3,,,,,,,,,,,,,,,,,,,,,,,,,,,,,,,,
1241,2,3,1,4,1,1,3,WE,9,,,,,,,,,,,,,,,,,,,,,,,,,,,,,,,,
1242,1,4,1,4,9,4,1,SO,5,"Computing thinking, the workflow/algorithm of a bioinformatics tool",,,,,,,,,,1,,,1,,,,,,,,,,,,,,,,,,
1243,1,3,2,2,1,3,1,MW,4,,,,,,,,,,,,,,,,,,,,,,,,,,,,,,,,
1244,1,#NULL!,#NULL!,#NULL!,#NULL!,#NULL!,#NULL!,WE,8,,,,,,,,,,,,,,,,,,,,,,,,,,,,,,,,
1245,1,3,#NULL!,#NULL!,#NULL!,#NULL!,#NULL!,SO,7,,,,,,,,,,,,,,,,,,,,,,,,,,,,,,,,
1246,1,1,2,4,2,2,#NULL!,SO,5,,,,,,,,,,,,,,,,,,,,,,,,,,,,,,,,
1247,1,3,2,4,3,4,2,MW,4,,,,,,,,,,,,,,,,,,,,,,,,,,,,,,,,
1248,1,2,1,4,8,3,1,WE,9,,,,,,,,,,,,,,,,,,,,,,,,,,,,,,,,
1249,1,1,1,4,3,3,2,WE,9,,,,,,,,,,,,,,,,,,,,,,,,,,,,,,,,
1250,1,2,1,4,3,4,3,MW,3,,,,,,,,,,,,,,,,,,,,,,,,,,,,,,,,
1251,#NULL!,#NULL!,2,#NULL!,2,4,3,MW,3,,,,,,,,,,,,,,,,,,,,,,,,,,,,,,,,
1252,2,2,2,4,8,1,1,SO,7,,,,,,,,,,,,,,,,,,,,,,,,,,,,,,,,
1253,1,3,1,2,2,4,2,MW,3,,,,,,,,,,,,,,,,,,,,,,,,,,,,,,,,
1254,1,4,2,4,3,4,1,SO,5,critical thinking,,,,,,,,,,,,,,,,,,,,,,,,,,,1,,,,
1255,1,2,2,4,8,3,2,WE,9,,,,,,,,,,,,,,,,,,,,,,,,,,,,,,,,
1256,1,2,2,2,4,2,1,WE,9,,,,,,,,,,,,,,,,,,,,,,,,,,,,,,,,
1257,2,3,1,4,2,1,1,SO,7,,,,,,,,,,,,,,,,,,,,,,,,,,,,,,,,
1258,1,#NULL!,#NULL!,#NULL!,#NULL!,#NULL!,#NULL!,MW,3,,,,,,,,,,,,,,,,,,,,,,,,,,,,,,,,
1259,#NULL!,#NULL!,#NULL!,#NULL!,#NULL!,#NULL!,#NULL!,MW,4,,,,,,,,,,,,,,,,,,,,,,,,,,,,,,,,
1260,#NULL!,#NULL!,#NULL!,#NULL!,#NULL!,#NULL!,#NULL!,NA,NA,,,,,,,,,,,,,,,,,,,,,,,,,,,,,,,,